status,fit_runtime_sec,fit_cpu_sec,evaluation_sec,ari_scc,oracle_cluster_f1,exact_condensation,n_groups,ica_runtime_sec,selection_runtime_sec,n_candidates_enumerated,n_candidates_returned,unknown_coefficients,startup_sec,peak_rss_mb,worker_elapsed_sec,method,regime,seed,samp_size,d,num_cycles,density,noise,timeout_sec,dataset_sha256,python,platform,cpu,numerical_threads,git_revision
ok,6.2944472270000915,6.294178679,0.0012303869998504524,0.0,0.48,0,10,,,,,0,0.7885753919999843,261.484375,6.305387535000591,group_lingam,hard,0,100,10,4,0.5,laplace,600.0,7bbc0f2f5713db1e693d0fc7889fc8fb3716f4480b3f36498eaa780d60028f18,3.11.16,Linux-6.17.0-35-generic-x86_64-with-glibc2.39,x86_64,1,e03fa14a0b4338c35a4ad53ccdf94fccf22a72a5
ok,0.06157565400008025,0.06157343300000001,0.0008097550007732934,0.0,0.6896551724137931,0,1,0.060999844999969355,6.599600055778865e-05,0.0,1.0,0,0.3314176089998,155.53125,0.0695648330001859,hungarian,hard,0,100,10,4,0.5,laplace,600.0,7bbc0f2f5713db1e693d0fc7889fc8fb3716f4480b3f36498eaa780d60028f18,3.11.16,Linux-6.17.0-35-generic-x86_64-with-glibc2.39,x86_64,1,e03fa14a0b4338c35a4ad53ccdf94fccf22a72a5
ok,6.456290548000197,6.45608992,0.001223044999733247,0.0,0.6363636363636364,0,10,,,,,0,0.791871608999827,262.046875,6.46745897000028,group_lingam,hard,1,100,10,4,0.5,laplace,600.0,3089494fead0c52e59bbb39a6ec7d228256f386f77764683a86941d97ac19818,3.11.16,Linux-6.17.0-35-generic-x86_64-with-glibc2.39,x86_64,1,e03fa14a0b4338c35a4ad53ccdf94fccf22a72a5
ok,0.5370740329999535,0.537047059,0.0008821789997455198,0.0,0.5263157894736842,0,1,0.5364194650001082,7.458100026269676e-05,0.0,1.0,0,0.31931250100024045,155.81640625,0.5451555820000067,hungarian,hard,1,100,10,4,0.5,laplace,600.0,3089494fead0c52e59bbb39a6ec7d228256f386f77764683a86941d97ac19818,3.11.16,Linux-6.17.0-35-generic-x86_64-with-glibc2.39,x86_64,1,e03fa14a0b4338c35a4ad53ccdf94fccf22a72a5
ok,6.252150621000055,6.252011069,0.01134726899999805,0.0,0.5714285714285714,0,10,,,,,0,0.8450806010000633,262.05078125,6.27319275800005,group_lingam,hard,2,100,10,4,0.5,laplace,600.0,ec401b3fe6f2f73ddd586495054fbd57dcacf9bf029b4dbe52b8f2d62219aed6,3.11.16,Linux-6.17.0-35-generic-x86_64-with-glibc2.39,x86_64,1,e03fa14a0b4338c35a4ad53ccdf94fccf22a72a5
ok,0.5174455830001534,0.517339621,0.0009327150000899564,0.0,0.6428571428571429,0,1,0.5167482140000175,8.361800018974463e-05,0.0,1.0,0,0.32893177999994805,156.0078125,0.5255005499998333,hungarian,hard,2,100,10,4,0.5,laplace,600.0,ec401b3fe6f2f73ddd586495054fbd57dcacf9bf029b4dbe52b8f2d62219aed6,3.11.16,Linux-6.17.0-35-generic-x86_64-with-glibc2.39,x86_64,1,e03fa14a0b4338c35a4ad53ccdf94fccf22a72a5
ok,6.314748663000046,6.312419,0.0012449010000636918,0.0,0.7368421052631579,0,10,,,,,0,0.8240758430001733,261.6640625,6.325653586000044,group_lingam,hard,3,100,10,4,0.5,laplace,600.0,b6bb3fca2a85c294687c670f13dd679765855368d280d40d2619d7c5e4057871,3.11.16,Linux-6.17.0-35-generic-x86_64-with-glibc2.39,x86_64,1,e03fa14a0b4338c35a4ad53ccdf94fccf22a72a5
ok,0.05529776999992464,0.055286436999999966,0.0007763089997752104,0.0,0.56,0,1,0.05474538799990114,6.630600000789855e-05,0.0,1.0,0,0.32068585200022426,155.85546875,0.06318530099997588,hungarian,hard,3,100,10,4,0.5,laplace,600.0,b6bb3fca2a85c294687c670f13dd679765855368d280d40d2619d7c5e4057871,3.11.16,Linux-6.17.0-35-generic-x86_64-with-glibc2.39,x86_64,1,e03fa14a0b4338c35a4ad53ccdf94fccf22a72a5
ok,6.2247215309907915,6.223953085,0.0011679750023176894,0.0,0.6428571428571429,0,10,,,,,0,0.7845092349889455,261.75390625,6.235156989001553,group_lingam,hard,4,100,10,4,0.5,laplace,600.0,fee12102f01c21855f7a210e37b0d16e38d0049443b8d7ea12bfe3b17b0f3c36,3.11.16,Linux-6.17.0-35-generic-x86_64-with-glibc2.39,x86_64,1,e03fa14a0b4338c35a4ad53ccdf94fccf22a72a5
ok,0.023216835999846808,0.023207721000000014,0.0007921509995867382,0.0,0.6341463414634146,0,1,0.022635366000031354,6.68379998387536e-05,0.0,1.0,0,0.32380639999973937,148.12109375,0.03125917599936656,hungarian,hard,4,100,10,4,0.5,laplace,600.0,fee12102f01c21855f7a210e37b0d16e38d0049443b8d7ea12bfe3b17b0f3c36,3.11.16,Linux-6.17.0-35-generic-x86_64-with-glibc2.39,x86_64,1,e03fa14a0b4338c35a4ad53ccdf94fccf22a72a5
ok,7.37254902199993,7.372054474,0.0012257499997758714,0.0,0.875,0,10,,,,,0,0.8049443009999777,261.79296875,7.38349794800024,group_lingam,hard,5,100,10,4,0.5,laplace,600.0,8259274515a1e3cf5e1c3f22f478c0f0e0479054ec85ba8665b560f82d277820,3.11.16,Linux-6.17.0-35-generic-x86_64-with-glibc2.39,x86_64,1,e03fa14a0b4338c35a4ad53ccdf94fccf22a72a5
ok,0.02394603599987022,0.023945234999999954,0.0007884720002948598,0.0,0.6666666666666666,0,1,0.023384361999887915,6.547399971168488e-05,0.0,1.0,0,0.3330833429999984,147.8828125,0.03190089700001408,hungarian,hard,5,100,10,4,0.5,laplace,600.0,8259274515a1e3cf5e1c3f22f478c0f0e0479054ec85ba8665b560f82d277820,3.11.16,Linux-6.17.0-35-generic-x86_64-with-glibc2.39,x86_64,1,e03fa14a0b4338c35a4ad53ccdf94fccf22a72a5
ok,6.379944614000124,6.379332228,0.0012164710001343337,0.0,0.5217391304347826,0,10,,,,,0,0.7863243249998959,261.4140625,6.39098518100036,group_lingam,hard,6,100,10,4,0.5,laplace,600.0,b4376f0c7030ae353e4922993404b159c5ce90e75cc3fc17bf9bd447d90be251,3.11.16,Linux-6.17.0-35-generic-x86_64-with-glibc2.39,x86_64,1,e03fa14a0b4338c35a4ad53ccdf94fccf22a72a5
ok,0.506584144000044,0.506561464,0.0008352899999408692,0.0,0.6428571428571429,0,1,0.50598350700011,7.60640000407875e-05,0.0,1.0,0,0.3219357449997915,155.94921875,0.5144940579998547,hungarian,hard,6,100,10,4,0.5,laplace,600.0,b4376f0c7030ae353e4922993404b159c5ce90e75cc3fc17bf9bd447d90be251,3.11.16,Linux-6.17.0-35-generic-x86_64-with-glibc2.39,x86_64,1,e03fa14a0b4338c35a4ad53ccdf94fccf22a72a5
ok,6.2838144309998825,6.283619732,0.0012361379999674682,0.0,0.9629629629629629,0,10,,,,,0,0.7812061470003755,261.421875,6.294706135999604,group_lingam,hard,7,100,10,4,0.5,laplace,600.0,efa9a292493db29b2c5c8cea39ea7760b435012ca51bec06a86d47b53566727d,3.11.16,Linux-6.17.0-35-generic-x86_64-with-glibc2.39,x86_64,1,e03fa14a0b4338c35a4ad53ccdf94fccf22a72a5
ok,0.5258398500000112,0.525831242,0.0008138799998960167,0.0,0.5714285714285714,0,1,0.5252659939997102,6.66060000185098e-05,0.0,1.0,0,0.32177044700029,156.0625,0.533840224999949,hungarian,hard,7,100,10,4,0.5,laplace,600.0,efa9a292493db29b2c5c8cea39ea7760b435012ca51bec06a86d47b53566727d,3.11.16,Linux-6.17.0-35-generic-x86_64-with-glibc2.39,x86_64,1,e03fa14a0b4338c35a4ad53ccdf94fccf22a72a5
ok,6.243789820000529,6.243595339,0.0011940349941141903,0.0,0.7142857142857143,0,10,,,,,0,0.7711362859990913,261.80859375,6.25448197600781,group_lingam,hard,8,100,10,4,0.5,laplace,600.0,c2fe922898baaf6a2c8d79bde46dfe1c0ebc36201d32537415c39797f434a1ed,3.11.16,Linux-6.17.0-35-generic-x86_64-with-glibc2.39,x86_64,1,e03fa14a0b4338c35a4ad53ccdf94fccf22a72a5
ok,0.02053148100094404,0.020524555,0.0007717160042375326,0.0,0.6666666666666666,0,1,0.01998922099301126,6.3521001720801e-05,0.0,1.0,0,0.3138245129957795,147.875,0.02876678500615526,hungarian,hard,8,100,10,4,0.5,laplace,600.0,c2fe922898baaf6a2c8d79bde46dfe1c0ebc36201d32537415c39797f434a1ed,3.11.16,Linux-6.17.0-35-generic-x86_64-with-glibc2.39,x86_64,1,e03fa14a0b4338c35a4ad53ccdf94fccf22a72a5
ok,6.02426006400492,6.024018496,0.0011889360030181706,0.0,0.5217391304347826,0,10,,,,,0,0.7868450490059331,261.6484375,6.034844216002966,group_lingam,hard,9,100,10,4,0.5,laplace,600.0,975e332ccea458c4c26cd8a52f6874ea61c84c879d4cd1aeb87daa3a40644be1,3.11.16,Linux-6.17.0-35-generic-x86_64-with-glibc2.39,x86_64,1,e03fa14a0b4338c35a4ad53ccdf94fccf22a72a5
ok,0.5173236740083667,0.515232211,0.0008421480015385896,0.0,0.5925925925925926,0,1,0.5165440660057357,8.985999738797545e-05,0.0,1.0,0,0.31770308600971475,156.08203125,0.5255327410122845,hungarian,hard,9,100,10,4,0.5,laplace,600.0,975e332ccea458c4c26cd8a52f6874ea61c84c879d4cd1aeb87daa3a40644be1,3.11.16,Linux-6.17.0-35-generic-x86_64-with-glibc2.39,x86_64,1,e03fa14a0b4338c35a4ad53ccdf94fccf22a72a5
ok,105.26771028799976,105.262575712,0.001223484000092867,1.0,0.9,0,5,,,,,12,0.7973095669999566,272.89453125,105.27891685799977,group_lingam,hard,0,500,10,4,0.5,laplace,600.0,8722d30ccd5d5a95c61b88c6980ebccef47feb482d55fff533bb1b4c1e4daca3,3.11.16,Linux-6.17.0-35-generic-x86_64-with-glibc2.39,x86_64,1,e03fa14a0b4338c35a4ad53ccdf94fccf22a72a5
ok,0.01768712801276706,0.017676384000000045,0.0007597530056955293,0.0,0.8,0,1,0.01716616800695192,6.199799827300012e-05,0.0,1.0,0,0.3192248010018375,147.9140625,0.02523991500493139,hungarian,hard,0,500,10,4,0.5,laplace,600.0,8722d30ccd5d5a95c61b88c6980ebccef47feb482d55fff533bb1b4c1e4daca3,3.11.16,Linux-6.17.0-35-generic-x86_64-with-glibc2.39,x86_64,1,e03fa14a0b4338c35a4ad53ccdf94fccf22a72a5
ok,76.94625157199971,76.932932424,0.0012253400000190595,1.0,1.0,1,6,,,,,8,0.7797449019999476,272.65234375,76.95713339800022,group_lingam,hard,1,500,10,4,0.5,laplace,600.0,2ed3b7ae24c0d87edbcaa302a0aeada42740d39debbb2202530e6f58a5011f65,3.11.16,Linux-6.17.0-35-generic-x86_64-with-glibc2.39,x86_64,1,e03fa14a0b4338c35a4ad53ccdf94fccf22a72a5
ok,0.018822593000095367,0.018811409999999973,0.0007945310001105099,0.047619047619047616,0.7692307692307693,0,2,0.01827716100001453,6.552399986503588e-05,0.0,1.0,0,0.3431871569998748,148.09375,0.026633920000222133,hungarian,hard,1,500,10,4,0.5,laplace,600.0,2ed3b7ae24c0d87edbcaa302a0aeada42740d39debbb2202530e6f58a5011f65,3.11.16,Linux-6.17.0-35-generic-x86_64-with-glibc2.39,x86_64,1,e03fa14a0b4338c35a4ad53ccdf94fccf22a72a5
ok,75.07456696699956,75.071440667,0.0012281399976927787,0.25742574257425743,0.8181818181818182,0,9,,,,,2,0.7839131660002749,273.046875,75.08528830799332,group_lingam,hard,2,500,10,4,0.5,laplace,600.0,bdd141efc0f98722b1ae2af8ef16572ea88800b64041c298b24a93e10235dbc7,3.11.16,Linux-6.17.0-35-generic-x86_64-with-glibc2.39,x86_64,1,e03fa14a0b4338c35a4ad53ccdf94fccf22a72a5
ok,0.018432573997415602,0.01842327399999999,0.0007570479938294739,0.0,0.72,0,1,0.017893319003633223,6.681701052002609e-05,0.0,1.0,0,0.3165617639897391,148.515625,0.026078808994498104,hungarian,hard,2,500,10,4,0.5,laplace,600.0,bdd141efc0f98722b1ae2af8ef16572ea88800b64041c298b24a93e10235dbc7,3.11.16,Linux-6.17.0-35-generic-x86_64-with-glibc2.39,x86_64,1,e03fa14a0b4338c35a4ad53ccdf94fccf22a72a5
ok,72.18349012100043,72.16705660800001,0.0012383739995129872,0.25742574257425743,0.75,0,9,,,,,2,0.7860251439997228,271.23046875,72.19463029500002,group_lingam,hard,3,500,10,4,0.5,laplace,600.0,62964c1ef746c7c43a345f97dc904706c1cb4009dc3eace6e65b4504dadf0dc1,3.11.16,Linux-6.17.0-35-generic-x86_64-with-glibc2.39,x86_64,1,e03fa14a0b4338c35a4ad53ccdf94fccf22a72a5
ok,0.017982737001148053,0.017977306999999998,0.0007583980041090399,0.29906542056074764,0.7777777777777778,0,2,0.01744961499935016,6.328999006655067e-05,0.0,1.0,0,0.3277759890042944,147.57421875,0.02565390100062359,hungarian,hard,3,500,10,4,0.5,laplace,600.0,62964c1ef746c7c43a345f97dc904706c1cb4009dc3eace6e65b4504dadf0dc1,3.11.16,Linux-6.17.0-35-generic-x86_64-with-glibc2.39,x86_64,1,e03fa14a0b4338c35a4ad53ccdf94fccf22a72a5
ok,80.9810229930008,80.973410801,0.0012316380016272888,0.0,0.5806451612903226,0,10,,,,,0,0.7665577699954156,272.86328125,80.99174923800456,group_lingam,hard,4,500,10,4,0.5,laplace,600.0,26e9c08f35ac0ce72c79f11f02d3cbc900de61f7afeea25637ab91f23be92214,3.11.16,Linux-6.17.0-35-generic-x86_64-with-glibc2.39,x86_64,1,e03fa14a0b4338c35a4ad53ccdf94fccf22a72a5
ok,0.01863036899976578,0.018618215999999965,0.0007833540003048256,0.0,0.8125,0,1,0.018082406999383238,6.48239993097377e-05,0.0,1.0,0,0.3204857910004648,148.51953125,0.026518724000197835,hungarian,hard,4,500,10,4,0.5,laplace,600.0,26e9c08f35ac0ce72c79f11f02d3cbc900de61f7afeea25637ab91f23be92214,3.11.16,Linux-6.17.0-35-generic-x86_64-with-glibc2.39,x86_64,1,e03fa14a0b4338c35a4ad53ccdf94fccf22a72a5
ok,85.13720560900401,85.12246105,0.0011666310019791126,0.845360824742268,1.0,0,7,,,,,6,0.7419883700058563,272.68359375,85.14748181999312,group_lingam,hard,5,500,10,4,0.5,laplace,600.0,ca29cedddc88f949520abeeea353c43925ffbc36e3d8089c93d0b6a8f554365d,3.11.16,Linux-6.17.0-35-generic-x86_64-with-glibc2.39,x86_64,1,e03fa14a0b4338c35a4ad53ccdf94fccf22a72a5
ok,0.01796531399304513,0.01795276200000001,0.0007678570109419525,0.0,0.7368421052631579,0,1,0.017434867011616006,6.424200546462089e-05,0.0,1.0,0,0.3120175340009155,148.1328125,0.025466142993536778,hungarian,hard,5,500,10,4,0.5,laplace,600.0,ca29cedddc88f949520abeeea353c43925ffbc36e3d8089c93d0b6a8f554365d,3.11.16,Linux-6.17.0-35-generic-x86_64-with-glibc2.39,x86_64,1,e03fa14a0b4338c35a4ad53ccdf94fccf22a72a5
ok,71.09509804499976,71.078478325,0.0011194329999852926,-0.039603960396039604,0.38095238095238093,0,9,,,,,2,0.7894506430020556,272.89453125,71.10540184300044,group_lingam,hard,6,500,10,4,0.5,laplace,600.0,80c590a21c18f24412b24ec494431142956b5daba37ff27b17ec6a211e244412,3.11.16,Linux-6.17.0-35-generic-x86_64-with-glibc2.39,x86_64,1,e03fa14a0b4338c35a4ad53ccdf94fccf22a72a5
ok,0.01875576699967496,0.01874447400000001,0.0007922890004010696,0.0,0.75,0,1,0.018195607000052405,6.713700031468761e-05,0.0,1.0,0,0.3306886669997766,147.99609375,0.026505132999773195,hungarian,hard,6,500,10,4,0.5,laplace,600.0,80c590a21c18f24412b24ec494431142956b5daba37ff27b17ec6a211e244412,3.11.16,Linux-6.17.0-35-generic-x86_64-with-glibc2.39,x86_64,1,e03fa14a0b4338c35a4ad53ccdf94fccf22a72a5
ok,74.37999517100025,74.370943272,0.001238545999967755,0.845360824742268,1.0,0,7,,,,,6,0.8047965749997275,272.73046875,74.39087086099971,group_lingam,hard,7,500,10,4,0.5,laplace,600.0,77c71a07ab9f8c72930ab66f40492ce66d8de431cdb87754f6ead5af490267a1,3.11.16,Linux-6.17.0-35-generic-x86_64-with-glibc2.39,x86_64,1,e03fa14a0b4338c35a4ad53ccdf94fccf22a72a5
ok,0.018740757999921698,0.018724395999999977,0.0007904330000201298,0.0,0.7027027027027027,0,1,0.018195827999988978,6.566399997609551e-05,0.0,1.0,0,0.32803664400012167,148.12109375,0.026547176000121908,hungarian,hard,7,500,10,4,0.5,laplace,600.0,77c71a07ab9f8c72930ab66f40492ce66d8de431cdb87754f6ead5af490267a1,3.11.16,Linux-6.17.0-35-generic-x86_64-with-glibc2.39,x86_64,1,e03fa14a0b4338c35a4ad53ccdf94fccf22a72a5
ok,106.3203863130002,106.312414233,0.0012479030001486535,0.6218487394957983,0.8571428571428571,0,7,,,,,8,0.7852329620000091,272.38671875,106.33139365199986,group_lingam,hard,8,500,10,4,0.5,laplace,600.0,6f603ed326cb491e91311e721647d71ed8b4e1ab998abc4577bde42cd4b65585,3.11.16,Linux-6.17.0-35-generic-x86_64-with-glibc2.39,x86_64,1,e03fa14a0b4338c35a4ad53ccdf94fccf22a72a5
ok,0.01900696299981064,0.018987348000000015,0.0007917100001577637,0.0,0.8,0,1,0.01845814100033749,6.446400038839784e-05,0.0,1.0,0,0.3229140480007118,147.984375,0.027079272999799286,hungarian,hard,8,500,10,4,0.5,laplace,600.0,6f603ed326cb491e91311e721647d71ed8b4e1ab998abc4577bde42cd4b65585,3.11.16,Linux-6.17.0-35-generic-x86_64-with-glibc2.39,x86_64,1,e03fa14a0b4338c35a4ad53ccdf94fccf22a72a5
ok,84.03971658299997,84.034664389,0.0012198980002722237,0.4642857142857143,0.7619047619047619,0,8,,,,,4,0.8217091810001875,272.57421875,84.05052858800036,group_lingam,hard,9,500,10,4,0.5,laplace,600.0,69a09468df36fe0d8dc871e6dad80ab1f5315a607c932d34bd80b2baf6072188,3.11.16,Linux-6.17.0-35-generic-x86_64-with-glibc2.39,x86_64,1,e03fa14a0b4338c35a4ad53ccdf94fccf22a72a5
ok,0.01885336199984522,0.01884092500000001,0.000797549000253639,0.15647921760391198,0.7619047619047619,0,2,0.018286517999968055,6.577499971172074e-05,0.0,1.0,0,0.3280362169998625,148.13671875,0.026792025999839097,hungarian,hard,9,500,10,4,0.5,laplace,600.0,69a09468df36fe0d8dc871e6dad80ab1f5315a607c932d34bd80b2baf6072188,3.11.16,Linux-6.17.0-35-generic-x86_64-with-glibc2.39,x86_64,1,e03fa14a0b4338c35a4ad53ccdf94fccf22a72a5
ok,291.3467871819994,291.31312955299995,0.0012608150000232854,1.0,1.0,1,5,,,,,12,0.7910901870000089,307.1015625,291.35773321799934,group_lingam,hard,0,1000,10,4,0.5,laplace,1800.0,065aef990a741ce1f4d57cf78b62ed116432d4dcde03beab1a13397ad23024eb,3.11.16,Linux-6.17.0-35-generic-x86_64-with-glibc2.39,x86_64,1,e03fa14a0b4338c35a4ad53ccdf94fccf22a72a5
ok,0.018509496999740804,0.018500877000000027,0.000785376000294491,0.5945945945945946,0.9523809523809523,0,4,0.017964035000204603,6.431099973269738e-05,0.0,1.0,0,0.32681834200002413,148.125,0.0263880419997804,hungarian,hard,0,1000,10,4,0.5,laplace,1800.0,065aef990a741ce1f4d57cf78b62ed116432d4dcde03beab1a13397ad23024eb,3.11.16,Linux-6.17.0-35-generic-x86_64-with-glibc2.39,x86_64,1,e03fa14a0b4338c35a4ad53ccdf94fccf22a72a5
ok,288.46485307100056,288.43787028400004,0.0012514930003817426,0.45121951219512196,0.9090909090909091,0,6,,,,,8,0.8211068489999889,307.17578125,288.47607838600015,group_lingam,hard,1,1000,10,4,0.5,laplace,1800.0,a6e3aa55af0560c472a93b0dd7d55f66dd3194b627da95ea8e7adc531cf41274,3.11.16,Linux-6.17.0-35-generic-x86_64-with-glibc2.39,x86_64,1,e03fa14a0b4338c35a4ad53ccdf94fccf22a72a5
ok,0.0189706500000284,0.018953867000000013,0.0008077490001596743,0.3005181347150259,0.9090909090909091,0,4,0.01842410600011135,6.58439998915128e-05,0.0,1.0,0,0.3295319799999561,148.23046875,0.02677159599988954,hungarian,hard,1,1000,10,4,0.5,laplace,1800.0,a6e3aa55af0560c472a93b0dd7d55f66dd3194b627da95ea8e7adc531cf41274,3.11.16,Linux-6.17.0-35-generic-x86_64-with-glibc2.39,x86_64,1,e03fa14a0b4338c35a4ad53ccdf94fccf22a72a5
ok,274.6980827249936,274.643641329,0.0023446289997082204,0.25742574257425743,0.7272727272727273,0,9,,,,,2,1.0378797230077907,306.47265625,274.70994307000365,group_lingam,hard,2,1000,10,4,0.5,laplace,1800.0,f428e0bb04f0a2b5e8b52b081f90a75e70419029b07346e1a0f48cf2dee77ba0,3.11.16,Linux-6.17.0-35-generic-x86_64-with-glibc2.39,x86_64,1,e03fa14a0b4338c35a4ad53ccdf94fccf22a72a5
ok,0.018076198000926524,0.01806427100000002,0.0007622059929417446,0.0,0.72,0,1,0.0175375059916405,6.508400838356465e-05,0.0,1.0,0,0.31117102099233307,148.40234375,0.025721714002429508,hungarian,hard,2,1000,10,4,0.5,laplace,1800.0,f428e0bb04f0a2b5e8b52b081f90a75e70419029b07346e1a0f48cf2dee77ba0,3.11.16,Linux-6.17.0-35-generic-x86_64-with-glibc2.39,x86_64,1,e03fa14a0b4338c35a4ad53ccdf94fccf22a72a5
ok,325.4589336200006,325.410053374,0.0012033229868393391,0.4642857142857143,1.0,0,8,,,,,4,0.7849893200036604,307.046875,325.4696571849927,group_lingam,hard,3,1000,10,4,0.5,laplace,1800.0,e6a9b3965e2d9859534de8919d4dcfe4652e333de758bfc8364d6afa5313e11c,3.11.16,Linux-6.17.0-35-generic-x86_64-with-glibc2.39,x86_64,1,e03fa14a0b4338c35a4ad53ccdf94fccf22a72a5
ok,0.01781298800779041,0.017812569,0.0007452239951817319,0.375,0.8235294117647058,0,3,0.01728445600019768,6.265900447033346e-05,0.0,1.0,0,0.3150900970067596,148.3125,0.02544773400586564,hungarian,hard,3,1000,10,4,0.5,laplace,1800.0,e6a9b3965e2d9859534de8919d4dcfe4652e333de758bfc8364d6afa5313e11c,3.11.16,Linux-6.17.0-35-generic-x86_64-with-glibc2.39,x86_64,1,e03fa14a0b4338c35a4ad53ccdf94fccf22a72a5
ok,296.7198838839977,296.685344772,0.0012169080000603572,0.6456692913385826,0.7586206896551724,0,8,,,,,4,0.7846890089858789,307.14453125,296.7305008779949,group_lingam,hard,4,1000,10,4,0.5,laplace,1800.0,9ddfe2faa71a8021769702c3c038e3fd2a4d6abd22f51667004f6d63eba41550,3.11.16,Linux-6.17.0-35-generic-x86_64-with-glibc2.39,x86_64,1,e03fa14a0b4338c35a4ad53ccdf94fccf22a72a5
ok,0.018018885995843448,0.018018315000000007,0.0007644100114703178,0.0,0.8125,0,1,0.017482288007158786,6.427199696190655e-05,0.0,1.0,0,0.31689158199878875,148.25,0.025719455996295437,hungarian,hard,4,1000,10,4,0.5,laplace,1800.0,9ddfe2faa71a8021769702c3c038e3fd2a4d6abd22f51667004f6d63eba41550,3.11.16,Linux-6.17.0-35-generic-x86_64-with-glibc2.39,x86_64,1,e03fa14a0b4338c35a4ad53ccdf94fccf22a72a5
ok,342.7518327119999,342.70221397800003,0.0012742270000671851,0.3835616438356164,0.9333333333333333,0,6,,,,,10,0.8349423669999396,307.48046875,342.762747797,group_lingam,hard,5,1000,10,4,0.5,laplace,1800.0,c890b9c65e13093c8cb5dc2d6ca5f1b6c878171ccfef045c22fb30fe743dc2e1,3.11.16,Linux-6.17.0-35-generic-x86_64-with-glibc2.39,x86_64,1,e03fa14a0b4338c35a4ad53ccdf94fccf22a72a5
ok,0.018637926000337757,0.018626892999999978,0.0008124870000756346,0.6218487394957983,0.9655172413793104,0,5,0.018082844999753434,6.578400007128948e-05,0.0,1.0,0,0.34171427800038146,148.265625,0.026479158000256575,hungarian,hard,5,1000,10,4,0.5,laplace,1800.0,c890b9c65e13093c8cb5dc2d6ca5f1b6c878171ccfef045c22fb30fe743dc2e1,3.11.16,Linux-6.17.0-35-generic-x86_64-with-glibc2.39,x86_64,1,e03fa14a0b4338c35a4ad53ccdf94fccf22a72a5
ok,279.2954519710038,279.25717225000005,0.0012276289926376194,1.0,1.0,1,5,,,,,12,0.7696665580006083,306.96484375,279.3060806260037,group_lingam,hard,6,1000,10,4,0.5,laplace,1800.0,d51796746ec28842137d0e6023d846a2eb30d16c7de15ebb697f6bfc34db0d82,3.11.16,Linux-6.17.0-35-generic-x86_64-with-glibc2.39,x86_64,1,e03fa14a0b4338c35a4ad53ccdf94fccf22a72a5
ok,0.018179781996877864,0.018170029000000032,0.0007579180091852322,0.0,0.8571428571428571,0,1,0.017654053997830488,6.422201113309711e-05,0.0,1.0,0,0.31463003098906484,148.25,0.02585190699028317,hungarian,hard,6,1000,10,4,0.5,laplace,1800.0,d51796746ec28842137d0e6023d846a2eb30d16c7de15ebb697f6bfc34db0d82,3.11.16,Linux-6.17.0-35-generic-x86_64-with-glibc2.39,x86_64,1,e03fa14a0b4338c35a4ad53ccdf94fccf22a72a5
ok,273.05747743698885,273.008837773,0.0012283550022402778,0.2824601366742597,0.7142857142857143,0,6,,,,,14,0.806232907998492,307.19921875,273.0680727739964,group_lingam,hard,7,1000,10,4,0.5,laplace,1800.0,199b6b98ebfd68368910974c18513839f4bc1528540741aeb16b8d57e12c0cfb,3.11.16,Linux-6.17.0-35-generic-x86_64-with-glibc2.39,x86_64,1,e03fa14a0b4338c35a4ad53ccdf94fccf22a72a5
ok,0.0182950790040195,0.018294282999999967,0.0007687480101594701,0.7761194029850746,0.9285714285714286,0,5,0.017754834989318624,6.400099664460868e-05,0.0,1.0,0,0.31543118799163494,148.40234375,0.026058607996674255,hungarian,hard,7,1000,10,4,0.5,laplace,1800.0,199b6b98ebfd68368910974c18513839f4bc1528540741aeb16b8d57e12c0cfb,3.11.16,Linux-6.17.0-35-generic-x86_64-with-glibc2.39,x86_64,1,e03fa14a0b4338c35a4ad53ccdf94fccf22a72a5
ok,278.78716594699654,278.749290923,0.0012331020116107538,0.4943820224719101,0.7142857142857143,0,6,,,,,12,0.7788803240109701,307.13671875,278.79754348700226,group_lingam,hard,8,1000,10,4,0.5,laplace,1800.0,bf891cb5059e544d33d4953f2183ecdef2718d3c064e39a45c6f7153e216624e,3.11.16,Linux-6.17.0-35-generic-x86_64-with-glibc2.39,x86_64,1,e03fa14a0b4338c35a4ad53ccdf94fccf22a72a5
ok,0.018410958000458777,0.018401624000000005,0.0007588110020151362,0.3181818181818182,0.8571428571428571,0,2,0.017881061998195946,6.346100417431444e-05,0.0,1.0,0,0.32348533399635926,148.43359375,0.026032192996353842,hungarian,hard,8,1000,10,4,0.5,laplace,1800.0,bf891cb5059e544d33d4953f2183ecdef2718d3c064e39a45c6f7153e216624e,3.11.16,Linux-6.17.0-35-generic-x86_64-with-glibc2.39,x86_64,1,e03fa14a0b4338c35a4ad53ccdf94fccf22a72a5
ok,268.4182018089923,268.36623819,0.0011809519928647205,0.6341463414634146,0.7,0,7,,,,,6,0.7868806940095965,307.34765625,268.42843313100457,group_lingam,hard,9,1000,10,4,0.5,laplace,1800.0,9b7871ef807fb9b290b93033961b16e89a5a87f930411b082384fdd950fbb3c1,3.11.16,Linux-6.17.0-35-generic-x86_64-with-glibc2.39,x86_64,1,e03fa14a0b4338c35a4ad53ccdf94fccf22a72a5
ok,0.017813105005188845,0.017802529999999983,0.0007456650055246428,0.15647921760391198,0.8,0,2,0.017281906999414787,6.503300392068923e-05,0.0,1.0,0,0.3155572440009564,148.1953125,0.025189318010234274,hungarian,hard,9,1000,10,4,0.5,laplace,1800.0,9b7871ef807fb9b290b93033961b16e89a5a87f930411b082384fdd950fbb3c1,3.11.16,Linux-6.17.0-35-generic-x86_64-with-glibc2.39,x86_64,1,e03fa14a0b4338c35a4ad53ccdf94fccf22a72a5
ok,1640.9025002380004,1640.683994499,0.0011886470019817352,1.0,1.0,1,5,,,,,12,0.8431222049985081,445.28125,1640.9130409440004,group_lingam,hard,0,2000,10,4,0.5,laplace,7200.0,3e8ee43c505302b7325bc4e361cdfdc8b3b994f4ab86a2aa5e32631ea62ad042,3.11.16,Linux-6.17.0-35-generic-x86_64-with-glibc2.39,x86_64,1,71d90e7dbe5a371fc493d5b2e97f59f0846d1f29
ok,0.017965574996196665,0.017965585999999978,0.0007585879939142615,0.27710843373493976,0.9090909090909091,0,3,0.017448304992285557,6.781899719499052e-05,0.0,1.0,0,0.31889907699951436,148.671875,0.025393781004822813,hungarian,hard,0,2000,10,4,0.5,laplace,7200.0,3e8ee43c505302b7325bc4e361cdfdc8b3b994f4ab86a2aa5e32631ea62ad042,3.11.16,Linux-6.17.0-35-generic-x86_64-with-glibc2.39,x86_64,1,e03fa14a0b4338c35a4ad53ccdf94fccf22a72a5
ok,1558.4328559949972,1558.1937053469999,0.0011903929989784956,1.0,1.0,1,6,,,,,8,0.7903946939986781,445.07421875,1558.4434148340006,group_lingam,hard,1,2000,10,4,0.5,laplace,7200.0,329630202a9e3696152198466f21e4628636a9c50a0064f17f01deb06509f35a,3.11.16,Linux-6.17.0-35-generic-x86_64-with-glibc2.39,x86_64,1,71d90e7dbe5a371fc493d5b2e97f59f0846d1f29
ok,0.01805421400058549,0.018045155000000035,0.0007568760047433898,1.0,1.0,1,6,0.017531001998577267,6.378100079018623e-05,0.0,1.0,0,0.31727588799549267,148.49609375,0.025432403999730013,hungarian,hard,1,2000,10,4,0.5,laplace,7200.0,329630202a9e3696152198466f21e4628636a9c50a0064f17f01deb06509f35a,3.11.16,Linux-6.17.0-35-generic-x86_64-with-glibc2.39,x86_64,1,e03fa14a0b4338c35a4ad53ccdf94fccf22a72a5
ok,1584.4920645169987,1584.261925745,0.0012033639977744315,0.7305389221556886,0.9473684210526315,0,5,,,,,14,0.8089467290010361,445.21875,1584.5025948139992,group_lingam,hard,2,2000,10,4,0.5,laplace,7200.0,dcd8354fbea2fa3266605e3b1fa3a8fc1de72df7a9d949f36211ee7d8faff76e,3.11.16,Linux-6.17.0-35-generic-x86_64-with-glibc2.39,x86_64,1,71d90e7dbe5a371fc493d5b2e97f59f0846d1f29
ok,0.019947337999838055,0.019226927000000005,0.0008109220000278583,1.0,1.0,1,5,0.019384944999956133,6.73869999445742e-05,0.0,1.0,0,0.3304141379999237,148.51171875,0.02779904199996963,hungarian,hard,2,2000,10,4,0.5,laplace,7200.0,dcd8354fbea2fa3266605e3b1fa3a8fc1de72df7a9d949f36211ee7d8faff76e,3.11.16,Linux-6.17.0-35-generic-x86_64-with-glibc2.39,x86_64,1,e03fa14a0b4338c35a4ad53ccdf94fccf22a72a5
ok,1587.7934705939988,1587.6689127700001,0.0012659059993893607,0.896551724137931,1.0,0,6,,,,,10,0.8113085870008945,445.02734375,1587.8045949909992,group_lingam,hard,3,2000,10,4,0.5,laplace,7200.0,e7e2453a89fa20cd0410e5cc8cedde992743d5ee88ba2aa8a34e793ce72a94dc,3.11.16,Linux-6.17.0-35-generic-x86_64-with-glibc2.39,x86_64,1,71d90e7dbe5a371fc493d5b2e97f59f0846d1f29
ok,0.018296364999969228,0.01829562200000001,0.0007645059999958903,1.0,1.0,1,5,0.017764330999852973,6.392199975380208e-05,0.0,1.0,0,0.3284091079999598,148.5546875,0.026131074999739212,hungarian,hard,3,2000,10,4,0.5,laplace,7200.0,e7e2453a89fa20cd0410e5cc8cedde992743d5ee88ba2aa8a34e793ce72a94dc,3.11.16,Linux-6.17.0-35-generic-x86_64-with-glibc2.39,x86_64,1,e03fa14a0b4338c35a4ad53ccdf94fccf22a72a5
ok,1636.1532382409969,1636.021575452,0.0012543830016511492,0.24369747899159663,0.5714285714285714,0,5,,,,,16,0.834081442997558,445.05078125,1636.164621089003,group_lingam,hard,4,2000,10,4,0.5,laplace,7200.0,59f89ea33cb8f1a2e8905d820236bdf502ab1113ae218aed2b181e3dde9a921a,3.11.16,Linux-6.17.0-35-generic-x86_64-with-glibc2.39,x86_64,1,71d90e7dbe5a371fc493d5b2e97f59f0846d1f29
ok,0.01888113599989083,0.01886488000000003,0.0007972280000103638,0.5614035087719298,0.9629629629629629,0,4,0.01832885100020576,6.554400033564889e-05,0.0,1.0,0,0.3330380980000882,148.71484375,0.026703562999955466,hungarian,hard,4,2000,10,4,0.5,laplace,7200.0,59f89ea33cb8f1a2e8905d820236bdf502ab1113ae218aed2b181e3dde9a921a,3.11.16,Linux-6.17.0-35-generic-x86_64-with-glibc2.39,x86_64,1,e03fa14a0b4338c35a4ad53ccdf94fccf22a72a5
ok,1595.0577625410006,1594.848043106,0.0012433410001904122,1.0,1.0,1,6,,,,,8,0.8165762429998722,445.40234375,1595.0685024510003,group_lingam,hard,5,2000,10,4,0.5,laplace,7200.0,5b4196327d3b4c4065786a7f0da80d1f5a55fbb2531a7bf1440353ee185a279b,3.11.16,Linux-6.17.0-35-generic-x86_64-with-glibc2.39,x86_64,1,71d90e7dbe5a371fc493d5b2e97f59f0846d1f29
ok,0.01891426899965154,0.018899413999999948,0.0008185790002244175,1.0,1.0,1,6,0.01836862900017877,6.266899981710594e-05,0.0,1.0,0,0.33392124800047895,148.3984375,0.026726002999566845,hungarian,hard,5,2000,10,4,0.5,laplace,7200.0,5b4196327d3b4c4065786a7f0da80d1f5a55fbb2531a7bf1440353ee185a279b,3.11.16,Linux-6.17.0-35-generic-x86_64-with-glibc2.39,x86_64,1,e03fa14a0b4338c35a4ad53ccdf94fccf22a72a5
ok,1664.8517117810006,1664.668659069,0.0012552959997265134,0.7305389221556886,0.8888888888888888,0,5,,,,,14,0.7623113639965595,445.20703125,1664.8624550200002,group_lingam,hard,6,2000,10,4,0.5,laplace,7200.0,9d664486854fa49d2a40758851d9ab8ddda6c7d63df4e0ad5f1744ae3c3088f6,3.11.16,Linux-6.17.0-35-generic-x86_64-with-glibc2.39,x86_64,1,71d90e7dbe5a371fc493d5b2e97f59f0846d1f29
ok,0.020044561000304384,0.020034652999999958,0.0007947239996610733,1.0,1.0,1,5,0.019503397999869776,6.930099971214077e-05,0.0,1.0,0,0.3305342170001495,148.63671875,0.02801181400036512,hungarian,hard,6,2000,10,4,0.5,laplace,7200.0,9d664486854fa49d2a40758851d9ab8ddda6c7d63df4e0ad5f1744ae3c3088f6,3.11.16,Linux-6.17.0-35-generic-x86_64-with-glibc2.39,x86_64,1,e03fa14a0b4338c35a4ad53ccdf94fccf22a72a5
ok,1832.8263908160006,1832.659832369,0.001209956999446149,0.6301369863013698,1.0,0,6,,,,,10,0.8450257730000885,445.4765625,1832.8374061310005,group_lingam,hard,7,2000,10,4,0.5,laplace,7200.0,deff39a9578726ca42ef580ebc36cad56afa997bb072bd9ffca6934e0eef077a,3.11.16,Linux-6.17.0-35-generic-x86_64-with-glibc2.39,x86_64,1,71d90e7dbe5a371fc493d5b2e97f59f0846d1f29
ok,0.01920830000017304,0.01920786299999999,0.0007843150001463073,0.4230769230769231,0.9285714285714286,0,4,0.018656867000117927,6.594500018763938e-05,0.0,1.0,0,0.3217276479999782,148.71484375,0.02788961299984294,hungarian,hard,7,2000,10,4,0.5,laplace,7200.0,deff39a9578726ca42ef580ebc36cad56afa997bb072bd9ffca6934e0eef077a,3.11.16,Linux-6.17.0-35-generic-x86_64-with-glibc2.39,x86_64,1,e03fa14a0b4338c35a4ad53ccdf94fccf22a72a5
ok,1657.647322894998,1657.5026063169998,0.0012781469995388761,0.5846153846153846,0.8333333333333334,0,4,,,,,20,0.8657099939955515,445.34375,1657.658340670001,group_lingam,hard,8,2000,10,4,0.5,laplace,7200.0,89ebb2e183d83dbe0b5d4f2a27dd06c744002dab1f4e51e2a42a102a91548fb1,3.11.16,Linux-6.17.0-35-generic-x86_64-with-glibc2.39,x86_64,1,71d90e7dbe5a371fc493d5b2e97f59f0846d1f29
ok,0.019120011999802955,0.019109228000000034,0.0007885509999141505,1.0,1.0,1,4,0.018579810000119323,6.603500014534802e-05,0.0,1.0,0,0.3287357909998718,148.68359375,0.027130226000281255,hungarian,hard,8,2000,10,4,0.5,laplace,7200.0,89ebb2e183d83dbe0b5d4f2a27dd06c744002dab1f4e51e2a42a102a91548fb1,3.11.16,Linux-6.17.0-35-generic-x86_64-with-glibc2.39,x86_64,1,e03fa14a0b4338c35a4ad53ccdf94fccf22a72a5
ok,1713.7281294210006,1713.543350412,0.001236858999618562,1.0,0.9411764705882353,0,5,,,,,12,0.8142438099966967,445.09765625,1713.7394186519996,group_lingam,hard,9,2000,10,4,0.5,laplace,7200.0,bd58659911adeaf549ef5a75c3e08a8c1fa27f989f17aa9338be82928adf88c0,3.11.16,Linux-6.17.0-35-generic-x86_64-with-glibc2.39,x86_64,1,71d90e7dbe5a371fc493d5b2e97f59f0846d1f29
ok,0.01884405999999217,0.018835784999999994,0.0007737739997537574,0.8314606741573034,0.9411764705882353,0,4,0.018311783000172,6.429199993363e-05,0.0,1.0,0,0.3249225900003694,148.609375,0.026708006999797362,hungarian,hard,9,2000,10,4,0.5,laplace,7200.0,bd58659911adeaf549ef5a75c3e08a8c1fa27f989f17aa9338be82928adf88c0,3.11.16,Linux-6.17.0-35-generic-x86_64-with-glibc2.39,x86_64,1,e03fa14a0b4338c35a4ad53ccdf94fccf22a72a5
ok,37659.018631964995,37649.803227411,0.006515261004096828,0.896551724137931,0.9523809523809523,0,6,,,,,10,0.9079473320016405,1217.0078125,37659.03725614,group_lingam,hard,0,5000,10,4,0.5,laplace,86400.0,35a60f2625a7b554da807a6a25b921f10502c4309a21a5b81ea0bc91704bf2c9,3.11.16,Linux-6.17.0-35-generic-x86_64-with-glibc2.39,x86_64,1,a1b3fc7f922adbfe8f791638f76b5616b8524291
ok,0.02090677502565086,0.020894164999999965,0.0008893890189938247,1.0,1.0,1,5,0.020272630965337157,9.104295168071985e-05,0.0,1.0,0,0.3579486889648251,149.05859375,0.029293478990439326,hungarian,hard,0,5000,10,4,0.5,laplace,86400.0,35a60f2625a7b554da807a6a25b921f10502c4309a21a5b81ea0bc91704bf2c9,3.11.16,Linux-6.17.0-35-generic-x86_64-with-glibc2.39,x86_64,1,a1b3fc7f922adbfe8f791638f76b5616b8524291
ok,43538.781247212,43527.825991961,0.001978057000087574,1.0,1.0,1,6,,,,,8,1.4319750139984535,1217.42578125,43538.79585233901,group_lingam,hard,1,5000,10,4,0.5,laplace,86400.0,ddb90a5cc0656b0134a83b2e2f6c72d06913ed6c7f16e9f0da4f823c74cacdf9,3.11.16,Linux-6.17.0-35-generic-x86_64-with-glibc2.39,x86_64,1,a1b3fc7f922adbfe8f791638f76b5616b8524291
ok,0.02164936502231285,0.02163538399999998,0.0009680489893071353,1.0,1.0,1,6,0.02099615498445928,9.61130135692656e-05,0.0,1.0,0,0.36215237199212424,149.10546875,0.030022521008504555,hungarian,hard,1,5000,10,4,0.5,laplace,86400.0,ddb90a5cc0656b0134a83b2e2f6c72d06913ed6c7f16e9f0da4f823c74cacdf9,3.11.16,Linux-6.17.0-35-generic-x86_64-with-glibc2.39,x86_64,1,a1b3fc7f922adbfe8f791638f76b5616b8524291
ok,38354.396440536,38345.141183709,0.0029153969953767955,1.0,1.0,1,5,,,,,12,0.8210309119895101,1217.6328125,38354.40971475601,group_lingam,hard,2,5000,10,4,0.5,laplace,86400.0,7585ad038a15395874da32159efc6d8deb5f10289c1867d3bbd10c742cadc2ff,3.11.16,Linux-6.17.0-35-generic-x86_64-with-glibc2.39,x86_64,1,a1b3fc7f922adbfe8f791638f76b5616b8524291
ok,0.02232096399529837,0.022318143999999984,0.0009072240063687786,1.0,1.0,1,5,0.021699732998968102,8.032300684135407e-05,0.0,1.0,0,0.40682627499336377,149.2265625,0.03245045800576918,hungarian,hard,2,5000,10,4,0.5,laplace,86400.0,7585ad038a15395874da32159efc6d8deb5f10289c1867d3bbd10c742cadc2ff,3.11.16,Linux-6.17.0-35-generic-x86_64-with-glibc2.39,x86_64,1,21ba180cde635ca248d15ad16310b399cc846784
ok,38146.421022052,38135.889398016996,0.002240534988231957,0.896551724137931,1.0,0,6,,,,,10,0.9813999310135841,1217.48828125,38146.433906360005,group_lingam,hard,3,5000,10,4,0.5,laplace,86400.0,8841f1fab97522217af850d914d138d023adb8b2b3847a6114e2462e04782035,3.11.16,Linux-6.17.0-35-generic-x86_64-with-glibc2.39,x86_64,1,a1b3fc7f922adbfe8f791638f76b5616b8524291
ok,0.02406715101096779,0.023164861000000037,0.001284477999433875,1.0,1.0,1,5,0.02318865299457684,0.00015263998648151755,0.0,1.0,0,0.36047755400068127,148.84375,0.03360521502327174,hungarian,hard,3,5000,10,4,0.5,laplace,86400.0,8841f1fab97522217af850d914d138d023adb8b2b3847a6114e2462e04782035,3.11.16,Linux-6.17.0-35-generic-x86_64-with-glibc2.39,x86_64,1,a1b3fc7f922adbfe8f791638f76b5616b8524291
ok,38140.52267419899,38129.765489634,0.001497723045758903,1.0,1.0,1,6,,,,,8,1.936438429984264,1217.63671875,38140.53741097302,group_lingam,hard,4,5000,10,4,0.5,laplace,86400.0,3003d7652970eaeb42e00eed27d32df8f944141a72c58d994fd6fbda9d91db3d,3.11.16,Linux-6.17.0-35-generic-x86_64-with-glibc2.39,x86_64,1,a1b3fc7f922adbfe8f791638f76b5616b8524291
ok,0.021326023008441553,0.021308330000000042,0.0008509970066370443,1.0,1.0,1,6,0.02075741399312392,6.594599108211696e-05,0.0,1.0,0,0.3471045499900356,148.5234375,0.02924753299157601,hungarian,hard,4,5000,10,4,0.5,laplace,86400.0,3003d7652970eaeb42e00eed27d32df8f944141a72c58d994fd6fbda9d91db3d,3.11.16,Linux-6.17.0-35-generic-x86_64-with-glibc2.39,x86_64,1,21ba180cde635ca248d15ad16310b399cc846784
ok,54545.37157126499,54076.701420925,0.002564113005064428,0.6301369863013698,0.896551724137931,0,6,,,,,10,2.015340744997957,1216.265625,54545.388327395995,group_lingam,hard,5,5000,10,4,0.5,laplace,86400.0,5a410a51ebdd8ef856a9dee9f4a546c51b948c24f1219ae39a587e0708c509a4,3.11.16,Linux-6.17.0-35-generic-x86_64-with-glibc2.39,x86_64,1,a1b3fc7f922adbfe8f791638f76b5616b8524291
ok,0.021815271000377834,0.02180853899999996,0.0009115010034292936,1.0,1.0,1,6,0.021182408032473177,9.028200292959809e-05,0.0,1.0,0,0.3745058359927498,149.09375,0.030426890996750444,hungarian,hard,5,5000,10,4,0.5,laplace,86400.0,5a410a51ebdd8ef856a9dee9f4a546c51b948c24f1219ae39a587e0708c509a4,3.11.16,Linux-6.17.0-35-generic-x86_64-with-glibc2.39,x86_64,1,a1b3fc7f922adbfe8f791638f76b5616b8524291
ok,44239.385356615996,44227.899676998,0.002128710999386385,0.7761194029850746,0.9473684210526315,0,7,,,,,8,1.990531446004752,1217.73828125,44239.401169675024,group_lingam,hard,6,5000,10,4,0.5,laplace,86400.0,b5f3cd58019948f4c3a131c748d76fee267d1bd4b66823290c92d8a86a32edbc,3.11.16,Linux-6.17.0-35-generic-x86_64-with-glibc2.39,x86_64,1,a1b3fc7f922adbfe8f791638f76b5616b8524291
ok,0.030717785994056612,0.030696363000000004,0.0011155699903611094,1.0,1.0,1,5,0.029951880991575308,8.751699351705611e-05,0.0,1.0,0,0.34779598299064673,148.35546875,0.04187537299003452,hungarian,hard,6,5000,10,4,0.5,laplace,86400.0,b5f3cd58019948f4c3a131c748d76fee267d1bd4b66823290c92d8a86a32edbc,3.11.16,Linux-6.17.0-35-generic-x86_64-with-glibc2.39,x86_64,1,21ba180cde635ca248d15ad16310b399cc846784
ok,38669.76554388297,38659.231325404995,0.002305347006767988,0.725609756097561,0.9230769230769231,0,6,,,,,8,0.9996437529916875,1217.2109375,38669.77850752001,group_lingam,hard,7,5000,10,4,0.5,laplace,86400.0,dc2ed29b6a601e47b7e69d2f14d38370308b481e3b070eb11d4b2847edfe19bc,3.11.16,Linux-6.17.0-35-generic-x86_64-with-glibc2.39,x86_64,1,a1b3fc7f922adbfe8f791638f76b5616b8524291
ok,0.022184719011420384,0.02217490600000005,0.0009528280061203986,1.0,1.0,1,6,0.021527741017052904,9.54309944063425e-05,0.0,1.0,0,0.36676791397621855,148.734375,0.030969212006311864,hungarian,hard,7,5000,10,4,0.5,laplace,86400.0,dc2ed29b6a601e47b7e69d2f14d38370308b481e3b070eb11d4b2847edfe19bc,3.11.16,Linux-6.17.0-35-generic-x86_64-with-glibc2.39,x86_64,1,a1b3fc7f922adbfe8f791638f76b5616b8524291
ok,50255.08740345904,50242.151230999996,0.002359249978326261,0.6003552397868561,1.0,0,5,,,,,14,0.9768768039939459,1217.765625,50255.10002359003,group_lingam,hard,8,5000,10,4,0.5,laplace,86400.0,77a658ae51b2b9a9d343ec65a9f2914633b801f696325b829fc55f8d6ac6fa64,3.11.16,Linux-6.17.0-35-generic-x86_64-with-glibc2.39,x86_64,1,a1b3fc7f922adbfe8f791638f76b5616b8524291
ok,0.02335541503271088,0.02334174299999997,0.0009536310099065304,1.0,1.0,1,4,0.022654332977253944,0.00012183102080598474,0.0,1.0,0,0.36761072400258854,149.05078125,0.03224729798967019,hungarian,hard,8,5000,10,4,0.5,laplace,86400.0,77a658ae51b2b9a9d343ec65a9f2914633b801f696325b829fc55f8d6ac6fa64,3.11.16,Linux-6.17.0-35-generic-x86_64-with-glibc2.39,x86_64,1,a1b3fc7f922adbfe8f791638f76b5616b8524291
ok,55277.55141303399,54871.464110477995,0.003414922015508637,0.6341463414634146,1.0,0,7,,,,,6,1.057522015995346,1216.3984375,55277.566572222015,group_lingam,hard,9,5000,10,4,0.5,laplace,86400.0,9e9d26640570d89526ab2f1db2c89f186e7a1f1f0455558755b9aa79860b04f8,3.11.16,Linux-6.17.0-35-generic-x86_64-with-glibc2.39,x86_64,1,a1b3fc7f922adbfe8f791638f76b5616b8524291
ok,0.01930871099466458,0.019293622999999982,0.0007818550075171515,1.0,1.0,1,5,0.018776199998683296,5.856099596712738e-05,0.0,1.0,0,0.33295819599879906,149.1640625,0.02706852300616447,hungarian,hard,9,5000,10,4,0.5,laplace,86400.0,9e9d26640570d89526ab2f1db2c89f186e7a1f1f0455558755b9aa79860b04f8,3.11.16,Linux-6.17.0-35-generic-x86_64-with-glibc2.39,x86_64,1,21ba180cde635ca248d15ad16310b399cc846784
ok,0.020631833001971245,0.020624784000000007,0.0007512649899581447,1.0,1.0,1,5,0.02011321000463795,6.294999911915511e-05,0.0,1.0,0,0.31625181800336577,149.3984375,0.02831350700580515,hungarian,hard,0,10000,10,4,0.5,laplace,86400.0,cbc19f79843b2a8c569b4b61ccfe486fac614879f985446ad572480cf9e310fc,3.11.16,Linux-6.17.0-35-generic-x86_64-with-glibc2.39,x86_64,1,e03fa14a0b4338c35a4ad53ccdf94fccf22a72a5
ok,0.020135270009632222,0.020134494000000003,0.000750264007365331,1.0,1.0,1,6,0.019616908000898547,6.15860044490546e-05,0.0,1.0,0,0.32942922500660643,149.6875,0.027634919009869918,hungarian,hard,1,10000,10,4,0.5,laplace,86400.0,604a275f2bb07dae9fb64ba902429f48decb57c275d37f40d33125a6d6b49b31,3.11.16,Linux-6.17.0-35-generic-x86_64-with-glibc2.39,x86_64,1,e03fa14a0b4338c35a4ad53ccdf94fccf22a72a5
ok,0.0210810440039495,0.021069538,0.0007601940014865249,1.0,1.0,1,5,0.02055441398988478,6.623599620070308e-05,0.0,1.0,0,0.31253971900150646,149.578125,0.028683715005172417,hungarian,hard,2,10000,10,4,0.5,laplace,86400.0,2aa50a4e194b80728ae4a01fbec85ec311615e61dfc7857d7ea7805ec2697394,3.11.16,Linux-6.17.0-35-generic-x86_64-with-glibc2.39,x86_64,1,e03fa14a0b4338c35a4ad53ccdf94fccf22a72a5
ok,0.020865450002020225,0.02086453300000002,0.0007735989929642528,1.0,1.0,1,5,0.020344119999208488,6.485299672931433e-05,0.0,1.0,0,0.3301133640052285,149.47265625,0.02847212800406851,hungarian,hard,3,10000,10,4,0.5,laplace,86400.0,2fea6775cc1438cf95e746418355771c0fbd00aa3dd2cb0f5583733825f2ab04,3.11.16,Linux-6.17.0-35-generic-x86_64-with-glibc2.39,x86_64,1,e03fa14a0b4338c35a4ad53ccdf94fccf22a72a5
ok,0.02038398600416258,0.020376718000000016,0.0007556659984402359,1.0,1.0,1,6,0.019876281992765144,6.196800677571446e-05,0.0,1.0,0,0.317617597989738,149.49609375,0.027884402006748132,hungarian,hard,4,10000,10,4,0.5,laplace,86400.0,cec3266bf28c5f4163641e3ec5f00d30c2deefd0718dbe3eb57c1c900675d3cc,3.11.16,Linux-6.17.0-35-generic-x86_64-with-glibc2.39,x86_64,1,e03fa14a0b4338c35a4ad53ccdf94fccf22a72a5
ok,0.021652983999956632,0.021641785000000024,0.0008147640000970569,1.0,1.0,1,6,0.021108027000082075,6.727900017722277e-05,0.0,1.0,0,0.32739677500012476,149.5078125,0.029671999999663967,hungarian,hard,5,10000,10,4,0.5,laplace,86400.0,96b3c45002aa22daebf2a91fa2dcbd1f7cd1655937ad0f6c114f863a459c959c,3.11.16,Linux-6.17.0-35-generic-x86_64-with-glibc2.39,x86_64,1,e03fa14a0b4338c35a4ad53ccdf94fccf22a72a5
ok,0.02102570699980788,0.021016352999999988,0.000784025000029942,1.0,1.0,1,5,0.020502235000094515,6.456200026150327e-05,0.0,1.0,0,0.3260298539998985,149.6171875,0.028888761999951384,hungarian,hard,6,10000,10,4,0.5,laplace,86400.0,38ef6caf6c13f6fe84e33a1eadff9b4df0029674d005decfc638fd33c881ad92,3.11.16,Linux-6.17.0-35-generic-x86_64-with-glibc2.39,x86_64,1,e03fa14a0b4338c35a4ad53ccdf94fccf22a72a5
ok,0.02129045399988172,0.021280418999999995,0.0008107449998533411,1.0,1.0,1,6,0.020751223000388563,6.403199995475006e-05,0.0,1.0,0,0.33430403100010153,149.828125,0.029156280999814044,hungarian,hard,7,10000,10,4,0.5,laplace,86400.0,19a8974e49e15db2674327442aa98d4f6829bb37bef87c155b80c1ae70498be6,3.11.16,Linux-6.17.0-35-generic-x86_64-with-glibc2.39,x86_64,1,e03fa14a0b4338c35a4ad53ccdf94fccf22a72a5
ok,0.021770168998045847,0.021761034000000012,0.0007632479973835871,1.0,1.0,1,4,0.021234403000562452,6.468300125561655e-05,0.0,1.0,0,0.31677277700509876,149.421875,0.029269418999319896,hungarian,hard,8,10000,10,4,0.5,laplace,86400.0,2797386716d4b34e5eaa48e6c64cd712cddb545701e87bff12419e6689f5ff8e,3.11.16,Linux-6.17.0-35-generic-x86_64-with-glibc2.39,x86_64,1,e03fa14a0b4338c35a4ad53ccdf94fccf22a72a5
ok,0.02051557599043008,0.020514385999999996,0.0007086440018611029,1.0,1.0,1,5,0.02003006500308402,6.20380014879629e-05,0.0,1.0,0,0.3006400640006177,149.79296875,0.027655956000671722,hungarian,hard,9,10000,10,4,0.5,laplace,86400.0,8f819f56bbc2ccec2f2ae853a7cea0164c5fca7c021852e779dd3b6c561a30ae,3.11.16,Linux-6.17.0-35-generic-x86_64-with-glibc2.39,x86_64,1,e03fa14a0b4338c35a4ad53ccdf94fccf22a72a5
ok,6.201097505999769,6.200527644999999,0.0012143779999860271,0.0,0.5925925925925926,0,10,,,,,0,0.8089807970000038,261.4375,6.211947961000078,group_lingam,unstable,0,100,10,4,0.5,laplace,600.0,a6acc5caf3069f6b7b9c4ad8e2e29c168069b42ebab30d056f0388fd9d9fc6af,3.11.16,Linux-6.17.0-35-generic-x86_64-with-glibc2.39,x86_64,1,e03fa14a0b4338c35a4ad53ccdf94fccf22a72a5
ok,0.04414740700030961,0.04413569899999997,0.0008637949995318195,0.0,0.6896551724137931,0,1,0.04355921699971077,7.206800000858493e-05,0.0,1.0,0,0.330498546999479,155.89453125,0.05209829700015689,hungarian,unstable,0,100,10,4,0.5,laplace,600.0,a6acc5caf3069f6b7b9c4ad8e2e29c168069b42ebab30d056f0388fd9d9fc6af,3.11.16,Linux-6.17.0-35-generic-x86_64-with-glibc2.39,x86_64,1,e03fa14a0b4338c35a4ad53ccdf94fccf22a72a5
ok,6.20870333899984,6.208369064,0.0011925009998776659,0.0,0.46153846153846156,0,10,,,,,0,0.8017075210000257,261.85546875,6.21948698999995,group_lingam,unstable,1,100,10,4,0.5,laplace,600.0,3304395b5e140852528b7a2a69458f9b2debe6dee1df3780a919dbe479b47988,3.11.16,Linux-6.17.0-35-generic-x86_64-with-glibc2.39,x86_64,1,e03fa14a0b4338c35a4ad53ccdf94fccf22a72a5
ok,0.5267791819997001,0.526742439,0.0008132610000757268,0.0,0.5714285714285714,0,1,0.5261973340002442,6.768999992345925e-05,0.0,1.0,0,0.32105238000076497,155.9765625,0.5348204510000869,hungarian,unstable,1,100,10,4,0.5,laplace,600.0,3304395b5e140852528b7a2a69458f9b2debe6dee1df3780a919dbe479b47988,3.11.16,Linux-6.17.0-35-generic-x86_64-with-glibc2.39,x86_64,1,e03fa14a0b4338c35a4ad53ccdf94fccf22a72a5
ok,7.1870937310000045,7.186915465999999,0.0012539640001705266,0.0,0.6666666666666666,0,10,,,,,0,0.8277286519996778,261.6796875,7.197948774999986,group_lingam,unstable,2,100,10,4,0.5,laplace,600.0,0edd17ff7ed03c5a95fe3dcc921c0c6b52ede5d110b95ccccbb506ab263a261c,3.11.16,Linux-6.17.0-35-generic-x86_64-with-glibc2.39,x86_64,1,e03fa14a0b4338c35a4ad53ccdf94fccf22a72a5
ok,0.5169481200000519,0.5153629850000001,0.0009438360002604895,0.0,0.6428571428571429,0,1,0.5162602680002237,8.377899985134718e-05,0.0,1.0,0,0.3239675970003191,155.97265625,0.5251094059999559,hungarian,unstable,2,100,10,4,0.5,laplace,600.0,0edd17ff7ed03c5a95fe3dcc921c0c6b52ede5d110b95ccccbb506ab263a261c,3.11.16,Linux-6.17.0-35-generic-x86_64-with-glibc2.39,x86_64,1,e03fa14a0b4338c35a4ad53ccdf94fccf22a72a5
ok,6.483010732999901,6.482793891,0.0012630389992409619,0.0,0.6363636363636364,0,10,,,,,0,0.7949730750005983,261.9765625,6.494113188000483,group_lingam,unstable,3,100,10,4,0.5,laplace,600.0,1bf423ab573473fca3531c020a57fe6445fba175216913bcd600f2911520e3f7,3.11.16,Linux-6.17.0-35-generic-x86_64-with-glibc2.39,x86_64,1,e03fa14a0b4338c35a4ad53ccdf94fccf22a72a5
ok,0.058358414999929664,0.058343066,0.0007825309999134333,0.0,0.5185185185185185,0,1,0.05778455000017857,7.135499981814064e-05,0.0,1.0,0,0.3257903469998382,155.9453125,0.0663741100001971,hungarian,unstable,3,100,10,4,0.5,laplace,600.0,1bf423ab573473fca3531c020a57fe6445fba175216913bcd600f2911520e3f7,3.11.16,Linux-6.17.0-35-generic-x86_64-with-glibc2.39,x86_64,1,e03fa14a0b4338c35a4ad53ccdf94fccf22a72a5
ok,6.149391203987761,6.1484675740000005,0.0011788590054493397,0.0,0.5625,0,10,,,,,0,0.7792551849997835,261.6484375,6.1598477749939775,group_lingam,unstable,4,100,10,4,0.5,laplace,600.0,b4382d3670a6e7e06cf4f7be911ee1a185a13d7b9caa6f9e453ac71ced246400,3.11.16,Linux-6.17.0-35-generic-x86_64-with-glibc2.39,x86_64,1,e03fa14a0b4338c35a4ad53ccdf94fccf22a72a5
ok,0.5064400139999634,0.506411342,0.0009119189999182709,0.0,0.6190476190476191,0,1,0.5057629220000308,8.138499924825737e-05,0.0,1.0,0,0.32737255899974116,156.00390625,0.5147899500007043,hungarian,unstable,4,100,10,4,0.5,laplace,600.0,b4382d3670a6e7e06cf4f7be911ee1a185a13d7b9caa6f9e453ac71ced246400,3.11.16,Linux-6.17.0-35-generic-x86_64-with-glibc2.39,x86_64,1,e03fa14a0b4338c35a4ad53ccdf94fccf22a72a5
ok,6.2803473270032555,6.280079932,0.0012205160019220784,0.0,0.3225806451612903,0,10,,,,,0,0.765964680002071,261.57421875,6.291059082010179,group_lingam,unstable,5,100,10,4,0.5,laplace,600.0,e7ff1dc5d255c41d87c7a1092d39d200b7b19b7b0c5bc36e52d7f63eab8cc545,3.11.16,Linux-6.17.0-35-generic-x86_64-with-glibc2.39,x86_64,1,e03fa14a0b4338c35a4ad53ccdf94fccf22a72a5
ok,0.02197657900978811,0.021975265999999993,0.0007784870103932917,0.0,0.7,0,1,0.021431372995721176,6.497299182228744e-05,0.0,1.0,0,0.3174663059908198,148.14453125,0.02971877800882794,hungarian,unstable,5,100,10,4,0.5,laplace,600.0,e7ff1dc5d255c41d87c7a1092d39d200b7b19b7b0c5bc36e52d7f63eab8cc545,3.11.16,Linux-6.17.0-35-generic-x86_64-with-glibc2.39,x86_64,1,e03fa14a0b4338c35a4ad53ccdf94fccf22a72a5
ok,6.144679075005115,6.14440799,0.0011879939993377775,0.0,0.5,0,10,,,,,0,0.7830911179917166,261.7265625,6.1553425660094945,group_lingam,unstable,6,100,10,4,0.5,laplace,600.0,86c5757f2ee4544c45da80f3d3b20bf61120a7fb301c20dcfc169453b5219cf9,3.11.16,Linux-6.17.0-35-generic-x86_64-with-glibc2.39,x86_64,1,e03fa14a0b4338c35a4ad53ccdf94fccf22a72a5
ok,0.5119624299986754,0.511951286,0.0008552329964004457,0.0,0.6923076923076923,0,1,0.5113358719972894,7.488299161195755e-05,0.0,1.0,0,0.31647734000580385,156.1015625,0.5197462200012524,hungarian,unstable,6,100,10,4,0.5,laplace,600.0,86c5757f2ee4544c45da80f3d3b20bf61120a7fb301c20dcfc169453b5219cf9,3.11.16,Linux-6.17.0-35-generic-x86_64-with-glibc2.39,x86_64,1,e03fa14a0b4338c35a4ad53ccdf94fccf22a72a5
ok,6.561271982995095,6.560970021,0.0011770660057663918,0.0,0.7096774193548387,0,10,,,,,0,0.7730581500072731,261.9296875,6.572016763006104,group_lingam,unstable,7,100,10,4,0.5,laplace,600.0,c630d08eb0d0a5b744178d29058942b66f986cd7c454bb2b5e135599f613c286,3.11.16,Linux-6.17.0-35-generic-x86_64-with-glibc2.39,x86_64,1,e03fa14a0b4338c35a4ad53ccdf94fccf22a72a5
ok,0.508294110011775,0.5082727380000001,0.0008417869976256043,0.0,0.6046511627906976,0,1,0.5077017650037305,6.982199556659907e-05,0.0,1.0,0,0.3108841439971002,155.80078125,0.5161320799961686,hungarian,unstable,7,100,10,4,0.5,laplace,600.0,c630d08eb0d0a5b744178d29058942b66f986cd7c454bb2b5e135599f613c286,3.11.16,Linux-6.17.0-35-generic-x86_64-with-glibc2.39,x86_64,1,e03fa14a0b4338c35a4ad53ccdf94fccf22a72a5
ok,6.470133458000419,6.4698926089999995,0.001259413000298082,0.19023136246786632,0.9230769230769231,0,9,,,,,2,0.7796688219996213,261.7421875,6.481144539000525,group_lingam,unstable,8,100,10,4,0.5,laplace,600.0,e77929827e434b29279f229cccfd73770f27844fd09327a5ffc05207801a42c9,3.11.16,Linux-6.17.0-35-generic-x86_64-with-glibc2.39,x86_64,1,e03fa14a0b4338c35a4ad53ccdf94fccf22a72a5
ok,0.02070322699728422,0.020702279000000046,0.0007612829940626398,0.0,0.6666666666666666,0,1,0.020142594003118575,6.608499097637832e-05,0.0,1.0,0,0.3100964780023787,147.8828125,0.028203567999298684,hungarian,unstable,8,100,10,4,0.5,laplace,600.0,e77929827e434b29279f229cccfd73770f27844fd09327a5ffc05207801a42c9,3.11.16,Linux-6.17.0-35-generic-x86_64-with-glibc2.39,x86_64,1,e03fa14a0b4338c35a4ad53ccdf94fccf22a72a5
ok,6.417326454000431,6.41658315,0.0012037839915137738,0.0,0.3,0,10,,,,,0,0.8447580520005431,261.796875,6.427940961002605,group_lingam,unstable,9,100,10,4,0.5,laplace,600.0,92ee1a158299776feb1d4d10ed2a5bd45137b5aac0e0e66cc872d9f58bcd82bf,3.11.16,Linux-6.17.0-35-generic-x86_64-with-glibc2.39,x86_64,1,e03fa14a0b4338c35a4ad53ccdf94fccf22a72a5
ok,0.5053411370026879,0.505319908,0.0008127020118990913,0.0,0.5714285714285714,0,1,0.5047501949884463,6.781901174690574e-05,0.0,1.0,0,0.3149704160023248,156.14453125,0.5130221200088272,hungarian,unstable,9,100,10,4,0.5,laplace,600.0,92ee1a158299776feb1d4d10ed2a5bd45137b5aac0e0e66cc872d9f58bcd82bf,3.11.16,Linux-6.17.0-35-generic-x86_64-with-glibc2.39,x86_64,1,e03fa14a0b4338c35a4ad53ccdf94fccf22a72a5
ok,75.88023048300238,75.875253938,0.001198115001898259,0.25742574257425743,0.75,0,9,,,,,2,0.7928767320117913,272.37890625,75.89103569799045,group_lingam,unstable,0,500,10,4,0.5,laplace,600.0,a57e57c0ea4be1ed703bf5473fcc93d134aaaf1fba233ed149ac1168f030f13e,3.11.16,Linux-6.17.0-35-generic-x86_64-with-glibc2.39,x86_64,1,e03fa14a0b4338c35a4ad53ccdf94fccf22a72a5
ok,0.017916040000272915,0.017907697999999972,0.0007738779968349263,0.0,0.8,0,1,0.017365745996357873,6.549400859512389e-05,0.0,1.0,0,0.31686588999582455,147.99609375,0.025598084001103416,hungarian,unstable,0,500,10,4,0.5,laplace,600.0,a57e57c0ea4be1ed703bf5473fcc93d134aaaf1fba233ed149ac1168f030f13e,3.11.16,Linux-6.17.0-35-generic-x86_64-with-glibc2.39,x86_64,1,e03fa14a0b4338c35a4ad53ccdf94fccf22a72a5
ok,71.14265750699269,71.133472342,0.0011658830044325441,0.6456692913385826,0.6666666666666666,0,8,,,,,4,0.7929990980046568,273.00390625,71.15314089300227,group_lingam,unstable,1,500,10,4,0.5,laplace,600.0,0e4c237778324f453c29d4c68ebb3a3d188f724a1750a349adf3af8de4b02a50,3.11.16,Linux-6.17.0-35-generic-x86_64-with-glibc2.39,x86_64,1,e03fa14a0b4338c35a4ad53ccdf94fccf22a72a5
ok,0.0179996769875288,0.017989138999999987,0.0007549740112153813,0.047619047619047616,0.7142857142857143,0,2,0.017470772989327088,6.412199581973255e-05,0.0,1.0,0,0.32219288901251275,148.01171875,0.025585625000530854,hungarian,unstable,1,500,10,4,0.5,laplace,600.0,0e4c237778324f453c29d4c68ebb3a3d188f724a1750a349adf3af8de4b02a50,3.11.16,Linux-6.17.0-35-generic-x86_64-with-glibc2.39,x86_64,1,e03fa14a0b4338c35a4ad53ccdf94fccf22a72a5
ok,79.70052395800303,79.68789860300001,0.0011334970040479675,0.0,0.6956521739130435,0,10,,,,,0,0.7819334140076535,272.78125,79.71077346900711,group_lingam,unstable,2,500,10,4,0.5,laplace,600.0,ed6794f959e5902955f9a59d2ac3f9b6980272fa9f6156a81303887aa9f1cff7,3.11.16,Linux-6.17.0-35-generic-x86_64-with-glibc2.39,x86_64,1,e03fa14a0b4338c35a4ad53ccdf94fccf22a72a5
ok,0.018013715991401114,0.01800336600000002,0.0007457460014848039,0.0,0.6923076923076923,0,1,0.017478851004852913,6.209799903444946e-05,0.0,1.0,0,0.3236762870074017,148.05078125,0.025584338000044227,hungarian,unstable,2,500,10,4,0.5,laplace,600.0,ed6794f959e5902955f9a59d2ac3f9b6980272fa9f6156a81303887aa9f1cff7,3.11.16,Linux-6.17.0-35-generic-x86_64-with-glibc2.39,x86_64,1,e03fa14a0b4338c35a4ad53ccdf94fccf22a72a5
ok,67.64239907400042,67.627176879,0.0011385489924577996,-0.039603960396039604,0.45454545454545453,0,9,,,,,2,0.7524855520023266,273.0234375,67.65251726200222,group_lingam,unstable,3,500,10,4,0.5,laplace,600.0,686709bfca5fdc35dedc8dff053b5619a2eb15e1d478fb0f68b89f3b43049b47,3.11.16,Linux-6.17.0-35-generic-x86_64-with-glibc2.39,x86_64,1,e03fa14a0b4338c35a4ad53ccdf94fccf22a72a5
ok,0.017694731999654323,0.01769425699999999,0.0007535990007454529,0.0,0.6086956521739131,0,1,0.01715596999565605,6.444199243560433e-05,0.0,1.0,0,0.3149822609993862,148.15234375,0.025199291005264968,hungarian,unstable,3,500,10,4,0.5,laplace,600.0,686709bfca5fdc35dedc8dff053b5619a2eb15e1d478fb0f68b89f3b43049b47,3.11.16,Linux-6.17.0-35-generic-x86_64-with-glibc2.39,x86_64,1,e03fa14a0b4338c35a4ad53ccdf94fccf22a72a5
ok,76.3080613899997,76.303458729,0.001235638999787625,0.3778801843317972,0.6896551724137931,0,9,,,,,2,0.8017708100001073,272.66015625,76.31974672000024,group_lingam,unstable,4,500,10,4,0.5,laplace,600.0,49259c6baa32e7d61f29f7447676ab75dcc25cd98f9506251e659db2d049c67a,3.11.16,Linux-6.17.0-35-generic-x86_64-with-glibc2.39,x86_64,1,e03fa14a0b4338c35a4ad53ccdf94fccf22a72a5
ok,0.01837003800005732,0.018360843999999987,0.0007947409999360389,0.0,0.7428571428571429,0,1,0.017824656999891886,6.421099988074275e-05,0.0,1.0,0,0.32582263200015404,147.9296875,0.02623296299998401,hungarian,unstable,4,500,10,4,0.5,laplace,600.0,49259c6baa32e7d61f29f7447676ab75dcc25cd98f9506251e659db2d049c67a,3.11.16,Linux-6.17.0-35-generic-x86_64-with-glibc2.39,x86_64,1,e03fa14a0b4338c35a4ad53ccdf94fccf22a72a5
ok,82.86192818099971,82.85827804200001,0.0012482789998102817,0.6456692913385826,0.9032258064516129,0,8,,,,,4,0.7885860180003874,272.51953125,82.87296212300043,group_lingam,unstable,5,500,10,4,0.5,laplace,600.0,568031393b3db0fcf1628adb45c730eafa469e35d1159ae3b718e102b1203ddc,3.11.16,Linux-6.17.0-35-generic-x86_64-with-glibc2.39,x86_64,1,e03fa14a0b4338c35a4ad53ccdf94fccf22a72a5
ok,0.01886584700014282,0.018853098000000013,0.0008051230001910881,0.0,0.7,0,1,0.018302620999747887,6.641600020884653e-05,0.0,1.0,0,0.3351777140001104,148.328125,0.02672220800013747,hungarian,unstable,5,500,10,4,0.5,laplace,600.0,568031393b3db0fcf1628adb45c730eafa469e35d1159ae3b718e102b1203ddc,3.11.16,Linux-6.17.0-35-generic-x86_64-with-glibc2.39,x86_64,1,e03fa14a0b4338c35a4ad53ccdf94fccf22a72a5
ok,73.85151963499993,73.844699468,0.0012304390002100263,0.6341463414634146,1.0,0,7,,,,,6,0.7786904490003508,272.609375,73.86246873500022,group_lingam,unstable,6,500,10,4,0.5,laplace,600.0,07c3900fffe8e98bcd34513264d4257f2a2f74aea3e81f97f985c731ba0ee80e,3.11.16,Linux-6.17.0-35-generic-x86_64-with-glibc2.39,x86_64,1,e03fa14a0b4338c35a4ad53ccdf94fccf22a72a5
ok,0.018845402999886574,0.018844651999999962,0.0008039209997150465,0.0,0.75,0,1,0.018286004999936267,6.764799991287873e-05,0.0,1.0,0,0.32285652500013384,148.109375,0.0269450659998256,hungarian,unstable,6,500,10,4,0.5,laplace,600.0,07c3900fffe8e98bcd34513264d4257f2a2f74aea3e81f97f985c731ba0ee80e,3.11.16,Linux-6.17.0-35-generic-x86_64-with-glibc2.39,x86_64,1,e03fa14a0b4338c35a4ad53ccdf94fccf22a72a5
ok,70.86767149300067,70.863870425,0.001288954000301601,0.3778801843317972,0.7586206896551724,0,9,,,,,2,0.8469493590000639,270.359375,70.8784707169998,group_lingam,unstable,7,500,10,4,0.5,laplace,600.0,a3c79345bc3c52924c7a63a072d8d57778cc74da2c546c4e6a6a04026a4c9aa1,3.11.16,Linux-6.17.0-35-generic-x86_64-with-glibc2.39,x86_64,1,e03fa14a0b4338c35a4ad53ccdf94fccf22a72a5
ok,0.018230689999654714,0.01821934900000005,0.0007849050002732838,0.0,0.6842105263157895,0,1,0.017681150000044,6.698700008200831e-05,0.0,1.0,0,0.3195703510000385,148.140625,0.026182252999660705,hungarian,unstable,7,500,10,4,0.5,laplace,600.0,a3c79345bc3c52924c7a63a072d8d57778cc74da2c546c4e6a6a04026a4c9aa1,3.11.16,Linux-6.17.0-35-generic-x86_64-with-glibc2.39,x86_64,1,e03fa14a0b4338c35a4ad53ccdf94fccf22a72a5
ok,72.55249435399992,72.54854161099999,0.001276895000046352,0.5544554455445545,0.5,0,6,,,,,10,0.8165798159998303,273.05078125,72.56340980200002,group_lingam,unstable,8,500,10,4,0.5,laplace,600.0,3d51086600a146bf3da2bd0313013b54dfaeab85cb29faf622527c020abbadaf,3.11.16,Linux-6.17.0-35-generic-x86_64-with-glibc2.39,x86_64,1,e03fa14a0b4338c35a4ad53ccdf94fccf22a72a5
ok,0.018668430000616354,0.018667268999999986,0.0007760299995425157,0.0,0.75,0,1,0.01811874099985289,6.496400055766571e-05,0.0,1.0,0,0.3241992279999977,148.14453125,0.02664625800025533,hungarian,unstable,8,500,10,4,0.5,laplace,600.0,3d51086600a146bf3da2bd0313013b54dfaeab85cb29faf622527c020abbadaf,3.11.16,Linux-6.17.0-35-generic-x86_64-with-glibc2.39,x86_64,1,e03fa14a0b4338c35a4ad53ccdf94fccf22a72a5
ok,74.6825746550021,74.677796325,0.0011970409977948293,0.25742574257425743,0.631578947368421,0,9,,,,,2,0.7701951750059379,272.94140625,74.69333306899352,group_lingam,unstable,9,500,10,4,0.5,laplace,600.0,c72bccfe097c3446b11b6d077ecf3bb82a887936fa7dee72e728f32822cc4223,3.11.16,Linux-6.17.0-35-generic-x86_64-with-glibc2.39,x86_64,1,e03fa14a0b4338c35a4ad53ccdf94fccf22a72a5
ok,0.018015970999840647,0.018006102000000024,0.000752468011341989,0.15647921760391198,0.7272727272727273,0,2,0.017490484009613283,6.4232008298859e-05,0.0,1.0,0,0.3151128570025321,148.24609375,0.02562949499406386,hungarian,unstable,9,500,10,4,0.5,laplace,600.0,c72bccfe097c3446b11b6d077ecf3bb82a887936fa7dee72e728f32822cc4223,3.11.16,Linux-6.17.0-35-generic-x86_64-with-glibc2.39,x86_64,1,e03fa14a0b4338c35a4ad53ccdf94fccf22a72a5
ok,288.6269506589888,288.59341548000003,0.0011991549981757998,1.0,1.0,1,5,,,,,12,0.7738955660024658,307.67578125,288.63769670799957,group_lingam,unstable,0,1000,10,4,0.5,laplace,1800.0,93386f8f19bb97f87f8b9aa9ff1a474bb9916fccc4cd25d2780e818870da5064,3.11.16,Linux-6.17.0-35-generic-x86_64-with-glibc2.39,x86_64,1,e03fa14a0b4338c35a4ad53ccdf94fccf22a72a5
ok,0.01836904299852904,0.018359174000000034,0.0007624769932590425,0.27710843373493976,0.9090909090909091,0,3,0.017829880001954734,6.956199649721384e-05,0.0,1.0,0,0.31654784399142954,148.34765625,0.025984792999224737,hungarian,unstable,0,1000,10,4,0.5,laplace,1800.0,93386f8f19bb97f87f8b9aa9ff1a474bb9916fccc4cd25d2780e818870da5064,3.11.16,Linux-6.17.0-35-generic-x86_64-with-glibc2.39,x86_64,1,e03fa14a0b4338c35a4ad53ccdf94fccf22a72a5
ok,327.68467098800465,327.656154423,0.0012166450032964349,0.725609756097561,0.7272727272727273,0,6,,,,,8,0.7696955099963816,307.3828125,327.6955726289889,group_lingam,unstable,1,1000,10,4,0.5,laplace,1800.0,0e28c3732c9b0ed85ed5eace26b5044349180afc56d94c472097a94d1dc5aea1,3.11.16,Linux-6.17.0-35-generic-x86_64-with-glibc2.39,x86_64,1,e03fa14a0b4338c35a4ad53ccdf94fccf22a72a5
ok,0.01813559800211806,0.018126739000000003,0.0007637189992237836,0.047619047619047616,0.7692307692307693,0,2,0.017598038000869565,6.538399611599743e-05,0.0,1.0,0,0.3164084050076781,148.234375,0.025898916006553918,hungarian,unstable,1,1000,10,4,0.5,laplace,1800.0,0e28c3732c9b0ed85ed5eace26b5044349180afc56d94c472097a94d1dc5aea1,3.11.16,Linux-6.17.0-35-generic-x86_64-with-glibc2.39,x86_64,1,e03fa14a0b4338c35a4ad53ccdf94fccf22a72a5
ok,291.7539886010054,291.71560544199997,0.0012080239976057783,0.4642857142857143,0.7619047619047619,0,8,,,,,4,0.773618206003448,307.33203125,291.7646451949986,group_lingam,unstable,2,1000,10,4,0.5,laplace,1800.0,e75ff17a2de3ae61837ccbbc15179a885606721505c85fc2cf3b9acaa71ea6e4,3.11.16,Linux-6.17.0-35-generic-x86_64-with-glibc2.39,x86_64,1,e03fa14a0b4338c35a4ad53ccdf94fccf22a72a5
ok,0.01880998899991937,0.018796843000000008,0.0008110520000172983,0.0,0.6666666666666666,0,1,0.018237736999935805,6.671599999208411e-05,0.0,1.0,0,0.3306426270000884,148.21875,0.026651995000065654,hungarian,unstable,2,1000,10,4,0.5,laplace,1800.0,e75ff17a2de3ae61837ccbbc15179a885606721505c85fc2cf3b9acaa71ea6e4,3.11.16,Linux-6.17.0-35-generic-x86_64-with-glibc2.39,x86_64,1,e03fa14a0b4338c35a4ad53ccdf94fccf22a72a5
ok,326.0925667050001,326.068432375,0.0012849210002059408,0.0,0.45454545454545453,0,10,,,,,0,0.8219200429998637,307.39453125,326.1035336789996,group_lingam,unstable,3,1000,10,4,0.5,laplace,1800.0,183f39b65934f34f5c06ecf08445035257bf3497716df47aceea3c98812ded3c,3.11.16,Linux-6.17.0-35-generic-x86_64-with-glibc2.39,x86_64,1,e03fa14a0b4338c35a4ad53ccdf94fccf22a72a5
ok,0.018055303997243755,0.018050646000000004,0.0007660139963263646,0.375,0.7777777777777778,0,3,0.017523485992569476,6.542399933096021e-05,0.0,1.0,0,0.3182977410033345,148.4140625,0.025745856008143164,hungarian,unstable,3,1000,10,4,0.5,laplace,1800.0,183f39b65934f34f5c06ecf08445035257bf3497716df47aceea3c98812ded3c,3.11.16,Linux-6.17.0-35-generic-x86_64-with-glibc2.39,x86_64,1,e03fa14a0b4338c35a4ad53ccdf94fccf22a72a5
ok,277.6524538499998,277.621878086,0.0012599930005308124,0.3778801843317972,0.7058823529411765,0,9,,,,,2,0.7893539920005423,307.37109375,277.66343695700016,group_lingam,unstable,4,1000,10,4,0.5,laplace,1800.0,10cee22ff94b30b5010e11b177913066c86dfb23003af1f7848505740f1bde19,3.11.16,Linux-6.17.0-35-generic-x86_64-with-glibc2.39,x86_64,1,e03fa14a0b4338c35a4ad53ccdf94fccf22a72a5
ok,0.018799145000230055,0.01878998799999998,0.0007708980001552845,0.0,0.8125,0,1,0.018253161999837175,6.58449998809374e-05,0.0,1.0,0,0.32156429099995876,148.171875,0.0267581620000783,hungarian,unstable,4,1000,10,4,0.5,laplace,1800.0,10cee22ff94b30b5010e11b177913066c86dfb23003af1f7848505740f1bde19,3.11.16,Linux-6.17.0-35-generic-x86_64-with-glibc2.39,x86_64,1,e03fa14a0b4338c35a4ad53ccdf94fccf22a72a5
ok,384.8274267520028,384.764345973,0.001195399003336206,0.6456692913385826,0.7857142857142857,0,8,,,,,4,0.7862707269960083,307.203125,384.8381485179998,group_lingam,unstable,5,1000,10,4,0.5,laplace,1800.0,62f1bb88bb9828029dc1272764a36d94e61f92d7d2632faddd99742cdfaafb3a,3.11.16,Linux-6.17.0-35-generic-x86_64-with-glibc2.39,x86_64,1,e03fa14a0b4338c35a4ad53ccdf94fccf22a72a5
ok,0.018747817000075884,0.01873675899999999,0.0007927599999675294,0.3005181347150259,0.9333333333333333,0,4,0.01819452099971386,6.632500026171328e-05,0.0,1.0,0,0.327065414000117,148.2578125,0.026879241000187903,hungarian,unstable,5,1000,10,4,0.5,laplace,1800.0,62f1bb88bb9828029dc1272764a36d94e61f92d7d2632faddd99742cdfaafb3a,3.11.16,Linux-6.17.0-35-generic-x86_64-with-glibc2.39,x86_64,1,e03fa14a0b4338c35a4ad53ccdf94fccf22a72a5
ok,268.046144042004,267.98199586600003,0.001178834994789213,1.0,1.0,1,5,,,,,12,0.7598913410038222,307.12109375,268.05757955300214,group_lingam,unstable,6,1000,10,4,0.5,laplace,1800.0,b579c5ab6c4b2216453da60fb9ffd5e90be384f269f32dbaf730c500dbadecb3,3.11.16,Linux-6.17.0-35-generic-x86_64-with-glibc2.39,x86_64,1,e03fa14a0b4338c35a4ad53ccdf94fccf22a72a5
ok,0.017083670012652874,0.017073423000000032,0.000715788992238231,0.4043321299638989,0.9,0,3,0.016578590992139652,6.200799543876201e-05,0.0,1.0,0,0.3035421060048975,148.28125,0.02442307300225366,hungarian,unstable,6,1000,10,4,0.5,laplace,1800.0,b579c5ab6c4b2216453da60fb9ffd5e90be384f269f32dbaf730c500dbadecb3,3.11.16,Linux-6.17.0-35-generic-x86_64-with-glibc2.39,x86_64,1,e03fa14a0b4338c35a4ad53ccdf94fccf22a72a5
ok,278.81849393200014,278.769041152,0.0024091120001230593,0.45121951219512196,0.6428571428571429,0,7,,,,,8,1.1659373780000806,306.171875,278.83054096900014,group_lingam,unstable,7,1000,10,4,0.5,laplace,1800.0,afbab321aa92b4fe0eb23e39ab46f378a7759319a050a95a41ccb6cc705cc1d3,3.11.16,Linux-6.17.0-35-generic-x86_64-with-glibc2.39,x86_64,1,e03fa14a0b4338c35a4ad53ccdf94fccf22a72a5
ok,0.018488360999981523,0.018472895000000045,0.0007964349999838305,0.10215482841181166,0.8666666666666667,0,2,0.01794100699999035,6.520300007650803e-05,0.0,1.0,0,0.3243999440001062,148.125,0.026430476000086855,hungarian,unstable,7,1000,10,4,0.5,laplace,1800.0,afbab321aa92b4fe0eb23e39ab46f378a7759319a050a95a41ccb6cc705cc1d3,3.11.16,Linux-6.17.0-35-generic-x86_64-with-glibc2.39,x86_64,1,e03fa14a0b4338c35a4ad53ccdf94fccf22a72a5
ok,282.92568885599985,282.864464452,0.0012476169999899867,0.19023136246786632,0.9230769230769231,0,9,,,,,2,0.796222465000028,307.28515625,282.93675742899995,group_lingam,unstable,8,1000,10,4,0.5,laplace,1800.0,b42a3cc6ff0a78461bb24541e92eb6f63a632314eda6f1ba9083a6fad11d4490,3.11.16,Linux-6.17.0-35-generic-x86_64-with-glibc2.39,x86_64,1,e03fa14a0b4338c35a4ad53ccdf94fccf22a72a5
ok,0.01893027300002359,0.018917848000000015,0.0007866720002311922,0.0,0.75,0,1,0.018392613000287383,6.817000030423515e-05,0.0,1.0,0,0.3239731670000765,148.3046875,0.026789619000282983,hungarian,unstable,8,1000,10,4,0.5,laplace,1800.0,b42a3cc6ff0a78461bb24541e92eb6f63a632314eda6f1ba9083a6fad11d4490,3.11.16,Linux-6.17.0-35-generic-x86_64-with-glibc2.39,x86_64,1,e03fa14a0b4338c35a4ad53ccdf94fccf22a72a5
ok,278.96592044199997,278.915824801,0.001243505999809713,0.25742574257425743,0.8421052631578947,0,9,,,,,2,0.8290102800001478,307.1640625,278.97680079300017,group_lingam,unstable,9,1000,10,4,0.5,laplace,1800.0,c56d28171e0de230576bb1c9048a0476b1a7f90602df3c154597a03038f29b5a,3.11.16,Linux-6.17.0-35-generic-x86_64-with-glibc2.39,x86_64,1,e03fa14a0b4338c35a4ad53ccdf94fccf22a72a5
ok,0.018397953000203415,0.018387204999999962,0.0007776630000080331,0.15647921760391198,0.7619047619047619,0,2,0.017854790999990655,6.493499950011028e-05,0.0,1.0,0,0.3180002239996611,148.18359375,0.026310706000003847,hungarian,unstable,9,1000,10,4,0.5,laplace,1800.0,c56d28171e0de230576bb1c9048a0476b1a7f90602df3c154597a03038f29b5a,3.11.16,Linux-6.17.0-35-generic-x86_64-with-glibc2.39,x86_64,1,e03fa14a0b4338c35a4ad53ccdf94fccf22a72a5
ok,1555.7240889409986,1555.511910794,0.0012160080004832707,0.7761194029850746,0.9523809523809523,0,6,,,,,8,0.8205498989991611,444.76171875,1555.7346425939977,group_lingam,unstable,0,2000,10,4,0.5,laplace,7200.0,1ed20201c328b1f3dc05fb65e3065ed45bd9ff65805f5a48beb2dc69a4dc09c4,3.11.16,Linux-6.17.0-35-generic-x86_64-with-glibc2.39,x86_64,1,71d90e7dbe5a371fc493d5b2e97f59f0846d1f29
ok,0.018773271000100067,0.018771955000000007,0.0007961969999996654,0.27710843373493976,0.8695652173913043,0,3,0.01823606399966593,6.508399974336498e-05,0.0,1.0,0,0.335996903999785,148.21484375,0.02658784100003686,hungarian,unstable,0,2000,10,4,0.5,laplace,7200.0,1ed20201c328b1f3dc05fb65e3065ed45bd9ff65805f5a48beb2dc69a4dc09c4,3.11.16,Linux-6.17.0-35-generic-x86_64-with-glibc2.39,x86_64,1,e03fa14a0b4338c35a4ad53ccdf94fccf22a72a5
ok,1633.7408589479965,1633.552856384,0.0012609750046976842,1.0,1.0,1,6,,,,,8,0.8435258059980697,445.03515625,1633.7523133110008,group_lingam,unstable,1,2000,10,4,0.5,laplace,7200.0,52c8818a6cb2853403a8f610c3d381cd90d3194038d51812bec3f58c21339871,3.11.16,Linux-6.17.0-35-generic-x86_64-with-glibc2.39,x86_64,1,71d90e7dbe5a371fc493d5b2e97f59f0846d1f29
ok,0.01848245000019233,0.018472553999999974,0.0007818700000825629,0.047619047619047616,0.8333333333333334,0,2,0.01793957199970464,6.534399972224492e-05,0.0,1.0,0,0.3295111099996575,148.56640625,0.026293702999737434,hungarian,unstable,1,2000,10,4,0.5,laplace,7200.0,52c8818a6cb2853403a8f610c3d381cd90d3194038d51812bec3f58c21339871,3.11.16,Linux-6.17.0-35-generic-x86_64-with-glibc2.39,x86_64,1,e03fa14a0b4338c35a4ad53ccdf94fccf22a72a5
ok,1692.8051189219987,1692.698278037,0.0012949880037922412,0.1044776119402985,0.75,0,7,,,,,8,0.7999025950048235,445.65234375,1692.8165196900009,group_lingam,unstable,2,2000,10,4,0.5,laplace,7200.0,92ef85a139efa8e51de3f794922aa6825732c382f58ba9879347d85a83c9b092,3.11.16,Linux-6.17.0-35-generic-x86_64-with-glibc2.39,x86_64,1,71d90e7dbe5a371fc493d5b2e97f59f0846d1f29
ok,0.018638530999851355,0.018633135000000023,0.0007824099998288148,0.27710843373493976,0.9473684210526315,0,3,0.01810093499989307,6.504300017695641e-05,0.0,1.0,0,0.32635272100014845,148.31640625,0.026585465999687585,hungarian,unstable,2,2000,10,4,0.5,laplace,7200.0,92ef85a139efa8e51de3f794922aa6825732c382f58ba9879347d85a83c9b092,3.11.16,Linux-6.17.0-35-generic-x86_64-with-glibc2.39,x86_64,1,e03fa14a0b4338c35a4ad53ccdf94fccf22a72a5
ok,1626.850820208998,1626.709778045,0.001249101998837432,0.4642857142857143,0.375,0,8,,,,,4,0.8099043799993524,445.3046875,1626.8619926230022,group_lingam,unstable,3,2000,10,4,0.5,laplace,7200.0,29f9465cb6563fe0c2acc0cd8d3839c885f69add944e3017dae4f65ecf2c22c4,3.11.16,Linux-6.17.0-35-generic-x86_64-with-glibc2.39,x86_64,1,71d90e7dbe5a371fc493d5b2e97f59f0846d1f29
ok,0.01902928800063819,0.019028425999999987,0.0007693380002820049,1.0,1.0,1,5,0.01849700299953838,6.407199998648139e-05,0.0,1.0,0,0.32344377700064797,148.671875,0.026909831000011764,hungarian,unstable,3,2000,10,4,0.5,laplace,7200.0,29f9465cb6563fe0c2acc0cd8d3839c885f69add944e3017dae4f65ecf2c22c4,3.11.16,Linux-6.17.0-35-generic-x86_64-with-glibc2.39,x86_64,1,e03fa14a0b4338c35a4ad53ccdf94fccf22a72a5
ok,1580.6678928030005,1580.5396640319998,0.0012522090000857133,0.2268041237113402,0.6666666666666666,0,7,,,,,6,0.7824432279994653,444.84765625,1580.6788819520007,group_lingam,unstable,4,2000,10,4,0.5,laplace,7200.0,86db33afc8876f5eab46f3c67fc50a642785a8167cd59c5ed3bcbdeac34e7a71,3.11.16,Linux-6.17.0-35-generic-x86_64-with-glibc2.39,x86_64,1,71d90e7dbe5a371fc493d5b2e97f59f0846d1f29
ok,0.018729576999703568,0.018728803999999988,0.0007723130001977552,0.5614035087719298,0.9285714285714286,0,4,0.01819395299980897,6.25689999651513e-05,0.0,1.0,0,0.3207523239998409,148.28125,0.026651748999938718,hungarian,unstable,4,2000,10,4,0.5,laplace,7200.0,86db33afc8876f5eab46f3c67fc50a642785a8167cd59c5ed3bcbdeac34e7a71,3.11.16,Linux-6.17.0-35-generic-x86_64-with-glibc2.39,x86_64,1,e03fa14a0b4338c35a4ad53ccdf94fccf22a72a5
ok,1826.823985556999,1826.6950713360002,0.0012478100015869131,1.0,0.896551724137931,0,6,,,,,8,0.8944885519995296,445.31640625,1826.8349757659998,group_lingam,unstable,5,2000,10,4,0.5,laplace,7200.0,b30fd95d0cef6bb3c1b0d15a954b796595a262260e57d5c8076bdba5bb9f9b67,3.11.16,Linux-6.17.0-35-generic-x86_64-with-glibc2.39,x86_64,1,71d90e7dbe5a371fc493d5b2e97f59f0846d1f29
ok,0.018297788003110327,0.01829699699999998,0.0007668160105822608,0.6218487394957983,0.9655172413793104,0,5,0.01776219999010209,7.502299558836967e-05,0.0,1.0,0,0.31634969999140594,148.6328125,0.025975322001613677,hungarian,unstable,5,2000,10,4,0.5,laplace,7200.0,b30fd95d0cef6bb3c1b0d15a954b796595a262260e57d5c8076bdba5bb9f9b67,3.11.16,Linux-6.17.0-35-generic-x86_64-with-glibc2.39,x86_64,1,e03fa14a0b4338c35a4ad53ccdf94fccf22a72a5
ok,1579.1295355309994,1578.875416479,0.0011843989996123128,1.0,1.0,1,5,,,,,12,0.7483774710017315,445.40234375,1579.1399409990008,group_lingam,unstable,6,2000,10,4,0.5,laplace,7200.0,258b2ede6ba8eda9499f4af05846c691a16c25fa90404934832561e61dc1bec9,3.11.16,Linux-6.17.0-35-generic-x86_64-with-glibc2.39,x86_64,1,71d90e7dbe5a371fc493d5b2e97f59f0846d1f29
ok,0.018686886003706604,0.018686177999999998,0.0007527889974880964,0.5945945945945946,0.9473684210526315,0,4,0.01816623799095396,6.626501271966845e-05,0.0,1.0,0,0.3277584739989834,148.51953125,0.026340377997257747,hungarian,unstable,6,2000,10,4,0.5,laplace,7200.0,258b2ede6ba8eda9499f4af05846c691a16c25fa90404934832561e61dc1bec9,3.11.16,Linux-6.17.0-35-generic-x86_64-with-glibc2.39,x86_64,1,e03fa14a0b4338c35a4ad53ccdf94fccf22a72a5
ok,2166.5678325049994,2166.287015411,0.0011988550031674094,0.45121951219512196,0.8888888888888888,0,7,,,,,8,0.7952730220022204,445.5625,2166.5785044570002,group_lingam,unstable,7,2000,10,4,0.5,laplace,7200.0,85987ce961c3dec6dc6cb4c1b0a3b44c3576194c7369056c3187c749d108479e,3.11.16,Linux-6.17.0-35-generic-x86_64-with-glibc2.39,x86_64,1,71d90e7dbe5a371fc493d5b2e97f59f0846d1f29
ok,0.018892377003794536,0.01835394300000004,0.0007495919999200851,0.7761194029850746,0.9285714285714286,0,5,0.01837200901354663,6.48729910608381e-05,0.0,1.0,0,0.3131773200002499,148.73828125,0.026521943000261672,hungarian,unstable,7,2000,10,4,0.5,laplace,7200.0,85987ce961c3dec6dc6cb4c1b0a3b44c3576194c7369056c3187c749d108479e,3.11.16,Linux-6.17.0-35-generic-x86_64-with-glibc2.39,x86_64,1,e03fa14a0b4338c35a4ad53ccdf94fccf22a72a5
ok,1549.6278346159997,1549.4522532839999,0.001216419997945195,0.7326732673267327,1.0,0,6,,,,,10,0.768435354999383,445.07421875,1549.6386703050011,group_lingam,unstable,8,2000,10,4,0.5,laplace,7200.0,74662831b4c389b50c3ecfda85f01c1c1a4905e07ae0bf0a60b857b41360da0a,3.11.16,Linux-6.17.0-35-generic-x86_64-with-glibc2.39,x86_64,1,71d90e7dbe5a371fc493d5b2e97f59f0846d1f29
ok,0.01849466199928429,0.018493886999999987,0.0007682779978495091,0.6475195822454308,0.9230769230769231,0,3,0.0179628930054605,6.53040042379871e-05,0.0,1.0,0,0.31623816599312704,148.58203125,0.02628368001023773,hungarian,unstable,8,2000,10,4,0.5,laplace,7200.0,74662831b4c389b50c3ecfda85f01c1c1a4905e07ae0bf0a60b857b41360da0a,3.11.16,Linux-6.17.0-35-generic-x86_64-with-glibc2.39,x86_64,1,e03fa14a0b4338c35a4ad53ccdf94fccf22a72a5
ok,1670.5193216930002,1670.3566317470002,0.0012499840013333596,0.27586206896551724,0.6666666666666666,0,6,,,,,10,0.8010404209999251,445.37890625,1670.5303860349995,group_lingam,unstable,9,2000,10,4,0.5,laplace,7200.0,010f695e485392827a65f55c7459e362626e6c9914d654ea2096f148047c75cb,3.11.16,Linux-6.17.0-35-generic-x86_64-with-glibc2.39,x86_64,1,71d90e7dbe5a371fc493d5b2e97f59f0846d1f29
ok,0.018669951998163015,0.018659267000000035,0.0007644300058018416,0.8314606741573034,0.9411764705882353,0,4,0.018147079987102188,6.909100920893252e-05,0.0,1.0,0,0.3203595709928777,148.37109375,0.02627166399906855,hungarian,unstable,9,2000,10,4,0.5,laplace,7200.0,010f695e485392827a65f55c7459e362626e6c9914d654ea2096f148047c75cb,3.11.16,Linux-6.17.0-35-generic-x86_64-with-glibc2.39,x86_64,1,e03fa14a0b4338c35a4ad53ccdf94fccf22a72a5
ok,36080.493724795,36071.400559862,0.0023130419722292572,0.896551724137931,0.9523809523809523,0,6,,,,,10,0.9704908060084563,1217.703125,36080.50750024099,group_lingam,unstable,0,5000,10,4,0.5,laplace,86400.0,0bbac995cb237e35ac36bf9bfd2fe2d7bea19dba33dde211b773001fd89239a6,3.11.16,Linux-6.17.0-35-generic-x86_64-with-glibc2.39,x86_64,1,a1b3fc7f922adbfe8f791638f76b5616b8524291
ok,0.02204824099317193,0.022030433999999988,0.0008342039946001023,1.0,1.0,1,5,0.02146391100541223,7.206699228845537e-05,0.0,1.0,0,0.34993008099263534,148.6484375,0.030016172997420654,hungarian,unstable,0,5000,10,4,0.5,laplace,86400.0,0bbac995cb237e35ac36bf9bfd2fe2d7bea19dba33dde211b773001fd89239a6,3.11.16,Linux-6.17.0-35-generic-x86_64-with-glibc2.39,x86_64,1,a1b3fc7f922adbfe8f791638f76b5616b8524291
ok,36180.20260806102,36171.286224364005,0.0016122509841807187,1.0,1.0,1,6,,,,,8,0.9632866430038121,1217.40234375,36180.21490934197,group_lingam,unstable,1,5000,10,4,0.5,laplace,86400.0,bf8082a481d99c6c6aa86bd7395948c8364b5aead7d40dd403d85bc325522b5f,3.11.16,Linux-6.17.0-35-generic-x86_64-with-glibc2.39,x86_64,1,a1b3fc7f922adbfe8f791638f76b5616b8524291
ok,0.021364544983953238,0.021348847000000004,0.0009230519644916058,1.0,1.0,1,6,0.0207263229531236,9.171501733362675e-05,0.0,1.0,0,0.3624493249808438,148.98828125,0.029856026987545192,hungarian,unstable,1,5000,10,4,0.5,laplace,86400.0,bf8082a481d99c6c6aa86bd7395948c8364b5aead7d40dd403d85bc325522b5f,3.11.16,Linux-6.17.0-35-generic-x86_64-with-glibc2.39,x86_64,1,a1b3fc7f922adbfe8f791638f76b5616b8524291
ok,47375.707621191,46891.451315452,0.05904209899017587,0.25742574257425743,1.0,0,9,,,,,2,2.337326213004417,1215.40234375,47375.78984258999,group_lingam,unstable,2,5000,10,4,0.5,laplace,86400.0,8a9158446c8555c5bd2f96984d2a61cf6adf3a7e4d41fe0ae47314c6609b6d35,3.11.16,Linux-6.17.0-35-generic-x86_64-with-glibc2.39,x86_64,1,a1b3fc7f922adbfe8f791638f76b5616b8524291
ok,0.02130495000164956,0.02130401300000001,0.0009200269996654242,1.0,1.0,1,5,0.020667028991738334,9.55119903665036e-05,0.0,1.0,0,0.3605640849855263,148.703125,0.029565171018475667,hungarian,unstable,2,5000,10,4,0.5,laplace,86400.0,8a9158446c8555c5bd2f96984d2a61cf6adf3a7e4d41fe0ae47314c6609b6d35,3.11.16,Linux-6.17.0-35-generic-x86_64-with-glibc2.39,x86_64,1,a1b3fc7f922adbfe8f791638f76b5616b8524291
ok,39440.202003383994,39430.813580748,0.002565360991866328,0.4,0.5555555555555556,0,4,,,,,20,0.9095004020055057,1216.88671875,39440.215147626004,group_lingam,unstable,3,5000,10,4,0.5,laplace,86400.0,1b5b80292e68f96d7e1c43cacbaec37c8c7748c51f73764fe55c53354d644536,3.11.16,Linux-6.17.0-35-generic-x86_64-with-glibc2.39,x86_64,1,a1b3fc7f922adbfe8f791638f76b5616b8524291
ok,0.02566975899389945,0.022844613000000014,0.00100172299426049,1.0,0.9333333333333333,0,5,0.024975110005470924,0.0001057110057445243,0.0,1.0,0,0.41555079400131945,148.5390625,0.03483981700264849,hungarian,unstable,3,5000,10,4,0.5,laplace,86400.0,1b5b80292e68f96d7e1c43cacbaec37c8c7748c51f73764fe55c53354d644536,3.11.16,Linux-6.17.0-35-generic-x86_64-with-glibc2.39,x86_64,1,a1b3fc7f922adbfe8f791638f76b5616b8524291
ok,27397.689191446,27390.249935744,0.0011726660304702818,0.845360824742268,0.6666666666666666,0,7,,,,,6,1.0149846889544278,1216.81640625,27397.700658166024,group_lingam,unstable,4,5000,10,4,0.5,laplace,86400.0,cfc3ea0fba220648b249007c87ee9c8c7a7ed35a2baa15f872c4d85983627f13,3.11.16,Linux-6.17.0-35-generic-x86_64-with-glibc2.39,x86_64,1,a1b3fc7f922adbfe8f791638f76b5616b8524291
ok,0.02188629499869421,0.021884762000000002,0.0009160700137726963,1.0,1.0,1,6,0.021268560987664387,9.138300083577633e-05,0.0,1.0,0,0.3611944619915448,149.3203125,0.03026866799336858,hungarian,unstable,4,5000,10,4,0.5,laplace,86400.0,cfc3ea0fba220648b249007c87ee9c8c7a7ed35a2baa15f872c4d85983627f13,3.11.16,Linux-6.17.0-35-generic-x86_64-with-glibc2.39,x86_64,1,a1b3fc7f922adbfe8f791638f76b5616b8524291
ok,41677.933549123,41667.807117317,0.00247407698770985,1.0,1.0,1,6,,,,,8,0.9739164769998752,1217.40234375,41677.946405425,group_lingam,unstable,5,5000,10,4,0.5,laplace,86400.0,1a3d998402e303ea46b2c5ae6bde031b5b02759f93223be7566766a2fee1bcb6,3.11.16,Linux-6.17.0-35-generic-x86_64-with-glibc2.39,x86_64,1,a1b3fc7f922adbfe8f791638f76b5616b8524291
ok,0.020437606013729237,0.020423562000000006,0.0008394250035053119,1.0,1.0,1,6,0.019884055000147782,6.805900193285197e-05,0.0,1.0,0,0.34330459000193514,149.26953125,0.028519400002551265,hungarian,unstable,5,5000,10,4,0.5,laplace,86400.0,1a3d998402e303ea46b2c5ae6bde031b5b02759f93223be7566766a2fee1bcb6,3.11.16,Linux-6.17.0-35-generic-x86_64-with-glibc2.39,x86_64,1,21ba180cde635ca248d15ad16310b399cc846784
ok,47307.52129891899,46891.15256244,0.053426311002112925,1.0,1.0,1,5,,,,,12,1.0219434149912558,1215.90234375,47307.59486447899,group_lingam,unstable,6,5000,10,4,0.5,laplace,86400.0,d082309d7b0e075d5fa5666aa2a8c90d0af2abaec546f6086406b6ffe5bb7db3,3.11.16,Linux-6.17.0-35-generic-x86_64-with-glibc2.39,x86_64,1,a1b3fc7f922adbfe8f791638f76b5616b8524291
ok,0.021366531000239775,0.02135587,0.0010188660089625046,1.0,1.0,1,5,0.02069907300756313,0.00010504999954719096,0.0,1.0,0,0.38367207800911274,148.953125,0.02994415699504316,hungarian,unstable,6,5000,10,4,0.5,laplace,86400.0,d082309d7b0e075d5fa5666aa2a8c90d0af2abaec546f6086406b6ffe5bb7db3,3.11.16,Linux-6.17.0-35-generic-x86_64-with-glibc2.39,x86_64,1,21ba180cde635ca248d15ad16310b399cc846784
ok,46065.81101475199,46050.982129559,0.00211266300175339,0.5360824742268041,0.8666666666666667,0,7,,,,,6,1.9784935720090289,1217.7109375,46065.827716228,group_lingam,unstable,7,5000,10,4,0.5,laplace,86400.0,a2c2149d2e18f818ae6000d1ce4858213f6eb9e7cb849af8d6817b093ece7d74,3.11.16,Linux-6.17.0-35-generic-x86_64-with-glibc2.39,x86_64,1,a1b3fc7f922adbfe8f791638f76b5616b8524291
ok,0.03025263200106565,0.030227380999999998,0.0011809230054495856,1.0,1.0,1,6,0.02942484999948647,9.590199624653906e-05,0.0,1.0,0,0.34628715699363966,148.609375,0.0415800819901051,hungarian,unstable,7,5000,10,4,0.5,laplace,86400.0,a2c2149d2e18f818ae6000d1ce4858213f6eb9e7cb849af8d6817b093ece7d74,3.11.16,Linux-6.17.0-35-generic-x86_64-with-glibc2.39,x86_64,1,21ba180cde635ca248d15ad16310b399cc846784
ok,36438.96478180398,36429.000739823,0.0025589720462448895,0.4927536231884058,0.6153846153846154,0,5,,,,,18,1.8025013919977937,1217.19140625,36438.98026574799,group_lingam,unstable,8,5000,10,4,0.5,laplace,86400.0,74ba5d352817b008c18f9ef4b9e551cce8ff4816c3492cbc0e5e77039433a979,3.11.16,Linux-6.17.0-35-generic-x86_64-with-glibc2.39,x86_64,1,a1b3fc7f922adbfe8f791638f76b5616b8524291
ok,0.020283534002373926,0.020263853,0.0008047289884416386,1.0,1.0,1,4,0.019715092988917604,6.4643012592569e-05,0.0,1.0,0,0.3374297700065654,149.20703125,0.027989221998723224,hungarian,unstable,8,5000,10,4,0.5,laplace,86400.0,74ba5d352817b008c18f9ef4b9e551cce8ff4816c3492cbc0e5e77039433a979,3.11.16,Linux-6.17.0-35-generic-x86_64-with-glibc2.39,x86_64,1,21ba180cde635ca248d15ad16310b399cc846784
ok,44599.151692552,44585.067902078,0.001577194983838126,0.27586206896551724,0.8888888888888888,0,6,,,,,10,1.5454153720056638,1216.70703125,44599.164211761,group_lingam,unstable,9,5000,10,4,0.5,laplace,86400.0,f44ab07a0474161fd9b37ef581eba753c141e7cce4fa7ee6cdecb231bf7b99df,3.11.16,Linux-6.17.0-35-generic-x86_64-with-glibc2.39,x86_64,1,a1b3fc7f922adbfe8f791638f76b5616b8524291
ok,0.022511010989546776,0.02249824100000003,0.0009262390085496008,1.0,1.0,1,5,0.02188803895842284,9.17139695957303e-05,0.0,1.0,0,0.3597274769563228,148.8515625,0.031180471007246524,hungarian,unstable,9,5000,10,4,0.5,laplace,86400.0,f44ab07a0474161fd9b37ef581eba753c141e7cce4fa7ee6cdecb231bf7b99df,3.11.16,Linux-6.17.0-35-generic-x86_64-with-glibc2.39,x86_64,1,a1b3fc7f922adbfe8f791638f76b5616b8524291
ok,0.02160431900028925,0.02160347400000001,0.0007845259997338871,1.0,1.0,1,5,0.021074137999676168,6.472400036727777e-05,0.0,1.0,0,0.32297347800067655,149.375,0.029552609999882407,hungarian,unstable,0,10000,10,4,0.5,laplace,86400.0,85c540baac9fb2c7a5b87b8aacbb1bddc38bffaeff7a419f65ed1b5516b40214,3.11.16,Linux-6.17.0-35-generic-x86_64-with-glibc2.39,x86_64,1,e03fa14a0b4338c35a4ad53ccdf94fccf22a72a5
ok,0.021517287000278884,0.02151650100000002,0.0007867079998504778,1.0,1.0,1,6,0.02098889799981407,6.402200006050407e-05,0.0,1.0,0,0.31912480699975276,149.50390625,0.029436750000058964,hungarian,unstable,1,10000,10,4,0.5,laplace,86400.0,9e4d27aeb92a66fcabf3b0998f05eced4c57b0436a4bf3ea4887d4ae3482d10a,3.11.16,Linux-6.17.0-35-generic-x86_64-with-glibc2.39,x86_64,1,e03fa14a0b4338c35a4ad53ccdf94fccf22a72a5
ok,0.02129713099975561,0.021281107999999993,0.0007883920002313971,1.0,1.0,1,5,0.02075538500002949,7.023299986030906e-05,0.0,1.0,0,0.32614951499999734,149.45703125,0.029158935000396013,hungarian,unstable,2,10000,10,4,0.5,laplace,86400.0,43a3da6ea5e63139ced36e185aa04bbff4f95fe0ea7941fc9ab2e25c26568a71,3.11.16,Linux-6.17.0-35-generic-x86_64-with-glibc2.39,x86_64,1,e03fa14a0b4338c35a4ad53ccdf94fccf22a72a5
ok,0.020377139007905498,0.020359917000000005,0.0007733459933660924,1.0,1.0,1,5,0.019840731998556294,6.625600508414209e-05,0.0,1.0,0,0.31781912900623865,149.40625,0.027769115011324175,hungarian,unstable,3,10000,10,4,0.5,laplace,86400.0,e546b121a1e063128b2d4311758509c12a5db75849f74da6639d453be3d0ad35,3.11.16,Linux-6.17.0-35-generic-x86_64-with-glibc2.39,x86_64,1,e03fa14a0b4338c35a4ad53ccdf94fccf22a72a5
ok,0.02213291700013542,0.02212084400000003,0.0007967860001372173,1.0,1.0,1,6,0.021584742000186452,6.775799988645304e-05,0.0,1.0,0,0.3309494979998817,149.81640625,0.029942281999865372,hungarian,unstable,4,10000,10,4,0.5,laplace,86400.0,d5374d16bf3150f3ed284bb84f95027653530d8c22dfce95ed0cd08e147ab765,3.11.16,Linux-6.17.0-35-generic-x86_64-with-glibc2.39,x86_64,1,e03fa14a0b4338c35a4ad53ccdf94fccf22a72a5
ok,0.021645953000188456,0.02163387099999997,0.0007889729999988049,1.0,1.0,1,6,0.021109010999680322,6.573500013473677e-05,0.0,1.0,0,0.3193610070002251,149.75,0.029588949999833858,hungarian,unstable,5,10000,10,4,0.5,laplace,86400.0,bda54b5f7b3677e140cae86b448be9762cd86bd39dbcde5d739e07899f388977,3.11.16,Linux-6.17.0-35-generic-x86_64-with-glibc2.39,x86_64,1,e03fa14a0b4338c35a4ad53ccdf94fccf22a72a5
ok,0.0209787740000138,0.02096256299999999,0.0008169049997377442,1.0,1.0,1,5,0.02044468299982327,6.719699968016357e-05,0.0,1.0,0,0.33075750299985884,149.57421875,0.02890821299979507,hungarian,unstable,6,10000,10,4,0.5,laplace,86400.0,0a90b47a0b6e19266ba5a8d6bb74b6d69e5293062a04c23cf1e185c711287db4,3.11.16,Linux-6.17.0-35-generic-x86_64-with-glibc2.39,x86_64,1,e03fa14a0b4338c35a4ad53ccdf94fccf22a72a5
ok,0.021309344000201236,0.021309142000000003,0.0007837440002731455,1.0,1.0,1,6,0.020780683000339195,6.565399962710217e-05,0.0,1.0,0,0.32107415600012246,149.72265625,0.029123268000148528,hungarian,unstable,7,10000,10,4,0.5,laplace,86400.0,91438cccb39e3174e386a4f15585494b77872591fa3980a7b94f06dbca3e1485,3.11.16,Linux-6.17.0-35-generic-x86_64-with-glibc2.39,x86_64,1,e03fa14a0b4338c35a4ad53ccdf94fccf22a72a5
ok,0.021585426000001462,0.021572204999999955,0.0007881510000515846,1.0,1.0,1,4,0.02105208800003311,6.555399977514753e-05,0.0,1.0,0,0.3218739280000591,149.5625,0.029437972999858175,hungarian,unstable,8,10000,10,4,0.5,laplace,86400.0,30d2e79bfcc352e38df4a608a275982571223d0ec96df57093654ae5a3cb146a,3.11.16,Linux-6.17.0-35-generic-x86_64-with-glibc2.39,x86_64,1,e03fa14a0b4338c35a4ad53ccdf94fccf22a72a5
ok,0.021566283000083786,0.02155545400000003,0.000778043000082107,1.0,1.0,1,5,0.02102217399988149,6.561400005011819e-05,0.0,1.0,0,0.32757313299998714,149.58203125,0.029481275999842183,hungarian,unstable,9,10000,10,4,0.5,laplace,86400.0,4c8fd9675df7c46e56e6a84fe4866073bdeae88ccf874494c5dc7be03ba191ba,3.11.16,Linux-6.17.0-35-generic-x86_64-with-glibc2.39,x86_64,1,e03fa14a0b4338c35a4ad53ccdf94fccf22a72a5
