method,regime,num_cycles,density,samp_size,seed,d,num_nodes,ari_scc,fscore,var_precision,var_recall,var_fscore,var_shd,inter_scc_precision,inter_scc_recall,inter_scc_fscore,chosen_threshold,chosen_beta,bic_score,runtime_sec,num_sccs,max_scc_size,num_nontrivial,frac_nontrivial,has_cycles,num_parts_est
lacerda,hard,10,0.5,50,0,20,20,0.0,0.6567164179104478,0.3173076923076923,0.908256880733945,0.4703087885985749,223,0.2705479452054795,0.8876404494382022,0.4146981627296587,,,,0.4944177698343992,10,2,10,1.0,1,1
lacerda,hard,10,0.5,50,1,20,20,0.0,0.6466165413533834,0.3322475570032573,0.8869565217391304,0.4834123222748815,218,0.293103448275862,0.8947368421052632,0.4415584415584415,,,,0.6224453530739993,10,2,10,1.0,1,1
lacerda,hard,10,0.5,50,2,20,20,0.0,0.6363636363636364,0.3475409836065574,0.9217391304347826,0.5047619047619047,208,0.3066202090592334,0.9263157894736842,0.4607329842931937,,,,0.8684367330279201,10,2,10,1.0,1,1
lacerda,hard,10,0.5,50,3,20,20,0.0,0.6153846153846153,0.2884615384615384,0.8490566037735849,0.430622009569378,238,0.2423208191126279,0.8255813953488372,0.3746701846965699,,,,0.6361472138669342,10,2,10,1.0,1,1
lacerda,hard,10,0.5,50,4,20,20,0.0,0.6046511627906976,0.3186119873817035,0.9351851851851852,0.4752941176470587,223,0.2751677852348993,0.9318181818181818,0.4248704663212435,,,,0.7138333900365978,10,2,10,1.0,1,1
lacerda,hard,10,0.5,50,5,20,20,0.0,0.6307692307692307,0.337620578778135,0.8536585365853658,0.4838709677419354,224,0.3016949152542373,0.8640776699029126,0.4472361809045226,,,,0.8291366791818291,10,2,10,1.0,1,1
lacerda,hard,10,0.5,50,6,20,20,0.0,0.6259541984732825,0.2993630573248407,0.903846153846154,0.4497607655502392,230,0.2542372881355932,0.8928571428571429,0.3957783641160949,,,,1.1290173211600631,10,2,10,1.0,1,1
lacerda,hard,10,0.5,50,7,20,20,0.0,0.6466165413533834,0.2883435582822086,0.8867924528301887,0.4351851851851852,244,0.2491909385113268,0.8953488372093024,0.3898734177215189,,,,0.5876038018614054,10,2,10,1.0,1,1
lacerda,hard,10,0.5,50,8,20,20,0.0,0.6466165413533834,0.3058103975535168,0.9090909090909092,0.4576659038901601,237,0.262987012987013,0.9,0.4070351758793969,,,,1.123046519001946,10,2,10,1.0,1,1
lacerda,hard,10,0.5,50,9,20,20,0.0,0.6363636363636364,0.3059210526315789,0.9117647058823528,0.458128078817734,220,0.2622377622377622,0.9146341463414634,0.4076086956521739,,,,1.4480125501286238,10,2,10,1.0,1,1
lacerda,hard,10,0.5,100,0,20,20,0.0,0.676923076923077,0.3719298245614035,0.9724770642201837,0.5380710659898478,182,0.3245283018867924,0.9662921348314608,0.4858757062146893,,,,1.1591963761020452,10,2,10,1.0,1,1
lacerda,hard,10,0.5,100,1,20,20,0.0,0.6666666666666666,0.3728813559322034,0.9565217391304348,0.5365853658536585,190,0.3297101449275362,0.9578947368421052,0.4905660377358491,,,,1.3453308020252734,10,2,10,1.0,1,1
lacerda,hard,10,0.5,100,2,20,20,0.0,0.6412213740458015,0.3179012345679012,0.8956521739130435,0.469248291571754,233,0.2824675324675325,0.9157894736842104,0.4317617866004963,,,,0.7226218711584806,10,2,10,1.0,1,1
lacerda,hard,10,0.5,100,3,20,20,0.0,0.6153846153846153,0.3333333333333333,0.9339622641509434,0.4913151364764268,205,0.2851985559566787,0.9186046511627908,0.4352617079889807,,,,0.617363303899765,10,2,10,1.0,1,1
lacerda,hard,10,0.5,100,4,20,20,0.0,0.6141732283464567,0.3288590604026846,0.9074074074074074,0.4827586206896551,210,0.2805755395683453,0.8863636363636364,0.4262295081967213,,,,1.807590533979237,10,2,10,1.0,1,1
lacerda,hard,10,0.5,100,5,20,20,0.0,0.6356589147286822,0.3707482993197279,0.8861788617886179,0.5227817745803358,199,0.3297101449275362,0.883495145631068,0.4802110817941953,,,,1.6392831618431956,10,2,10,1.0,1,1
lacerda,hard,10,0.5,100,6,20,20,0.0,0.6259541984732825,0.3134796238244514,0.9615384615384616,0.4728132387706856,223,0.2724252491694352,0.9761904761904762,0.425974025974026,,,,0.4320402541197836,10,2,10,1.0,1,1
lacerda,hard,10,0.5,100,7,20,20,0.0,0.6466165413533834,0.3141025641025641,0.9245283018867924,0.4688995215311005,222,0.2745762711864407,0.9418604651162792,0.4251968503937007,,,,0.5810258029960096,10,2,10,1.0,1,1
lacerda,hard,10,0.5,100,8,20,20,0.0,0.6466165413533834,0.3333333333333333,0.9454545454545454,0.4928909952606634,214,0.2925170068027211,0.9555555555555556,0.4479166666666666,,,,1.8628326109610496,10,2,10,1.0,1,1
lacerda,hard,10,0.5,100,9,20,20,0.0,0.6461538461538462,0.2866666666666667,0.8431372549019608,0.4278606965174129,230,0.2464788732394366,0.8536585365853658,0.3825136612021858,,,,1.9140312690287828,10,2,10,1.0,1,1
lacerda,hard,10,0.5,500,0,20,20,0.0,0.704,0.4841628959276018,0.981651376146789,0.6484848484848484,116,0.4328358208955223,0.9775280898876404,0.6,,,,0.6604500298853964,10,2,10,1.0,1,1
lacerda,hard,10,0.5,500,1,20,20,0.0,0.735042735042735,0.5778894472361809,1.0,0.732484076433121,84,0.5307262569832403,1.0,0.6934306569343066,,,,0.6616457521449775,10,2,10,1.0,1,1
lacerda,hard,10,0.5,500,2,20,20,0.0,0.717948717948718,0.509090909090909,0.9739130434782608,0.6686567164179105,111,0.46,0.968421052631579,0.6237288135593221,,,,1.8634625901468096,10,2,10,1.0,1,1
lacerda,hard,10,0.5,500,3,20,20,0.0,0.6666666666666666,0.4703196347031963,0.9716981132075472,0.6338461538461538,119,0.4170854271356783,0.9651162790697676,0.5824561403508771,,,,0.7928799330256879,10,2,10,1.0,1,1
lacerda,hard,10,0.5,500,4,20,20,0.0,0.6666666666666666,0.4672489082969432,0.9907407407407408,0.6350148367952522,123,0.416267942583732,0.9886363636363636,0.5858585858585859,,,,0.7243671349715441,10,2,10,1.0,1,1
lacerda,hard,10,0.5,500,5,20,20,0.0,0.6833333333333332,0.5865384615384616,0.991869918699187,0.7371601208459214,87,0.5425531914893617,0.9902912621359224,0.7010309278350515,,,,0.8060507238842547,10,2,10,1.0,1,1
lacerda,hard,10,0.5,500,6,20,20,0.0,0.6559999999999999,0.4541484716157205,1.0,0.6246246246246246,125,0.4019138755980861,1.0,0.5733788395904437,,,,1.2660577557981014,10,2,10,1.0,1,1
lacerda,hard,10,0.5,500,7,20,20,0.0,0.728813559322034,0.5,0.9339622641509434,0.6513157894736842,106,0.4438202247191011,0.9186046511627908,0.5984848484848484,,,,1.4597322600893676,10,2,10,1.0,1,1
lacerda,hard,10,0.5,500,8,20,20,0.0,0.6666666666666666,0.4448979591836735,0.990909090909091,0.6140845070422536,137,0.3955555555555555,0.9888888888888888,0.5650793650793651,,,,1.153319480130449,10,2,10,1.0,1,1
lacerda,hard,10,0.5,500,9,20,20,0.0,0.6942148760330578,0.4788732394366197,1.0,0.6476190476190475,111,0.4248704663212435,1.0,0.5963636363636364,,,,0.6244118330068886,10,2,10,1.0,1,1
lacerda,hard,10,0.5,1000,0,20,20,0.0,0.8,0.6606060606060606,1.0,0.7956204379562044,56,0.6137931034482759,1.0,0.7606837606837606,,,,0.4519488119985908,10,2,10,1.0,1,1
lacerda,hard,10,0.5,1000,1,20,20,0.0256410256410256,0.7889908256880734,0.6388888888888888,1.0,0.7796610169491525,65,0.59375,1.0,0.7450980392156863,,,,1.1016472480259836,10,2,10,1.0,1,2
lacerda,hard,10,0.5,1000,2,20,20,0.0256410256410256,0.7499999999999999,0.6031746031746031,0.991304347826087,0.75,76,0.5562130177514792,0.9894736842105264,0.7121212121212122,,,,1.4550866899080577,10,2,10,1.0,1,2
lacerda,hard,10,0.5,1000,3,20,20,0.0,0.7407407407407407,0.6127167630057804,1.0,0.7598566308243728,67,0.5620915032679739,1.0,0.7196652719665272,,,,0.629846349125728,10,2,10,1.0,1,1
lacerda,hard,10,0.5,1000,4,20,20,0.0256410256410256,0.7959183673469388,0.6772151898734177,0.9907407407407408,0.8045112781954887,52,0.6304347826086957,0.9886363636363636,0.7699115044247787,,,,1.011834108969197,10,2,10,1.0,1,2
lacerda,hard,10,0.5,1000,5,20,20,0.0,0.7130434782608697,0.6269430051813472,0.983739837398374,0.7658227848101264,74,0.5838150289017341,0.9805825242718448,0.7318840579710144,,,,0.6270785760134459,10,2,10,1.0,1,1
lacerda,hard,10,0.5,1000,6,20,20,0.0,0.7454545454545455,0.6419753086419753,1.0,0.7819548872180451,58,0.5915492957746479,1.0,0.743362831858407,,,,1.466100991005078,10,2,10,1.0,1,1
lacerda,hard,10,0.5,1000,7,20,20,0.0,0.7049180327868853,0.5638297872340425,1.0,0.7210884353741497,82,0.5119047619047619,1.0,0.6771653543307087,,,,1.2437242900487036,10,2,10,1.0,1,1
lacerda,hard,10,0.5,1000,8,20,20,0.0,0.7413793103448275,0.5978260869565217,1.0,0.7482993197278911,74,0.5487804878048781,1.0,0.7086614173228347,,,,0.8869551180396229,10,2,10,1.0,1,1
lacerda,hard,10,0.5,1000,9,20,20,0.0256410256410256,0.7924528301886793,0.6219512195121951,1.0,0.7669172932330827,62,0.5694444444444444,1.0,0.7256637168141593,,,,0.66251689218916,10,2,10,1.0,1,2
lacerda,hard,10,0.5,5000,0,20,20,1.0,0.9887640449438202,0.9478260869565216,1.0,0.9732142857142856,6,0.936842105263158,1.0,0.967391304347826,,,,0.3488947909791022,10,2,10,1.0,1,10
lacerda,hard,10,0.5,5000,1,20,20,1.0,1.0,0.9745762711864406,1.0,0.9871244635193132,3,0.9693877551020408,1.0,0.9844559585492229,,,,0.6397114810533822,10,2,10,1.0,1,10
lacerda,hard,10,0.5,5000,2,20,20,0.5957446808510638,0.988235294117647,0.9663865546218487,1.0,0.9829059829059827,4,0.9595959595959596,1.0,0.979381443298969,,,,0.6149799160193652,10,2,10,1.0,1,8
lacerda,hard,10,0.5,5000,3,20,20,0.0,0.9302325581395348,0.9298245614035088,1.0,0.9636363636363636,8,0.9148936170212766,1.0,0.9555555555555556,,,,0.9248486489523202,10,2,10,1.0,1,1
lacerda,hard,10,0.5,5000,4,20,20,0.40625,0.975,0.9473684210526316,1.0,0.972972972972973,6,0.9361702127659576,1.0,0.967032967032967,,,,0.5593924520071596,10,2,10,1.0,1,7
lacerda,hard,10,0.5,5000,5,20,20,0.822429906542056,0.9879518072289156,0.968503937007874,1.0,0.984,4,0.9626168224299064,1.0,0.9809523809523808,,,,0.4534628111869097,10,2,10,1.0,1,9
lacerda,hard,10,0.5,5000,6,20,20,1.0,0.9879518072289156,0.9541284403669724,1.0,0.976525821596244,5,0.9438202247191012,1.0,0.9710982658959536,,,,0.4219369739294052,10,2,10,1.0,1,10
lacerda,hard,10,0.5,5000,7,20,20,0.1073825503355704,0.9772727272727272,0.9814814814814816,1.0,0.9906542056074767,2,0.9772727272727272,1.0,0.9885057471264368,,,,0.631606956012547,10,2,10,1.0,1,4
lacerda,hard,10,0.5,5000,8,20,20,0.5957446808510638,0.9885057471264368,0.990990990990991,1.0,0.995475113122172,1,0.989010989010989,1.0,0.994475138121547,,,,0.9698990830220282,10,2,10,1.0,1,8
lacerda,hard,10,0.5,5000,9,20,20,0.40625,0.9767441860465116,0.9532710280373832,1.0,0.9760765550239237,5,0.942528735632184,1.0,0.970414201183432,,,,0.6283098438289016,10,2,10,1.0,1,7
lacerda,hard,10,0.5,10000,0,20,20,1.0,1.0,1.0,1.0,1.0,0,1.0,1.0,1.0,,,,1.0062123991083354,10,2,10,1.0,1,10
lacerda,hard,10,0.5,10000,1,20,20,1.0,1.0,1.0,1.0,1.0,0,1.0,1.0,1.0,,,,1.1417295800056309,10,2,10,1.0,1,10
lacerda,hard,10,0.5,10000,2,20,20,1.0,1.0,0.9913793103448276,1.0,0.9956709956709956,1,0.9895833333333334,1.0,0.9947643979057592,,,,0.619152070954442,10,2,10,1.0,1,10
lacerda,hard,10,0.5,10000,3,20,20,0.822429906542056,0.9876543209876544,0.9906542056074766,1.0,0.9953051643192488,1,0.9885057471264368,1.0,0.9942196531791908,,,,0.7677155861165375,10,2,10,1.0,1,9
lacerda,hard,10,0.5,10000,4,20,20,1.0,1.0,1.0,1.0,1.0,0,1.0,1.0,1.0,,,,0.6088327008765191,10,2,10,1.0,1,10
lacerda,hard,10,0.5,10000,5,20,20,1.0,1.0,1.0,1.0,1.0,0,1.0,1.0,1.0,,,,0.5957887899130583,10,2,10,1.0,1,10
lacerda,hard,10,0.5,10000,6,20,20,1.0,1.0,1.0,1.0,1.0,0,1.0,1.0,1.0,,,,1.6771269580349326,10,2,10,1.0,1,10
lacerda,hard,10,0.5,10000,7,20,20,1.0,1.0,1.0,1.0,1.0,0,1.0,1.0,1.0,,,,0.4541843980550766,10,2,10,1.0,1,10
lacerda,hard,10,0.5,10000,8,20,20,1.0,1.0,1.0,1.0,1.0,0,1.0,1.0,1.0,,,,0.7567858390975744,10,2,10,1.0,1,10
lacerda,hard,10,0.5,10000,9,20,20,1.0,1.0,0.9807692307692308,1.0,0.9902912621359222,2,0.9761904761904762,1.0,0.9879518072289156,,,,1.422458376036957,10,2,10,1.0,1,10
lacerda,hard,10,0.5,50000,0,20,20,1.0,1.0,1.0,1.0,1.0,0,1.0,1.0,1.0,,,,3.824896786827594,10,2,10,1.0,1,10
lacerda,hard,10,0.5,50000,1,20,20,1.0,1.0,1.0,1.0,1.0,0,1.0,1.0,1.0,,,,2.92104547098279,10,2,10,1.0,1,10
lacerda,hard,10,0.5,50000,2,20,20,1.0,1.0,1.0,1.0,1.0,0,1.0,1.0,1.0,,,,3.009612078079954,10,2,10,1.0,1,10
lacerda,hard,10,0.5,50000,3,20,20,1.0,1.0,1.0,1.0,1.0,0,1.0,1.0,1.0,,,,1.796174047049135,10,2,10,1.0,1,10
lacerda,hard,10,0.5,50000,4,20,20,1.0,1.0,1.0,1.0,1.0,0,1.0,1.0,1.0,,,,2.824138476047665,10,2,10,1.0,1,10
lacerda,hard,10,0.5,50000,5,20,20,1.0,1.0,1.0,1.0,1.0,0,1.0,1.0,1.0,,,,0.6298451868351549,10,2,10,1.0,1,10
lacerda,hard,10,0.5,50000,6,20,20,1.0,1.0,1.0,1.0,1.0,0,1.0,1.0,1.0,,,,2.5144389218185097,10,2,10,1.0,1,10
lacerda,hard,10,0.5,50000,7,20,20,1.0,1.0,1.0,1.0,1.0,0,1.0,1.0,1.0,,,,1.0739546010736376,10,2,10,1.0,1,10
lacerda,hard,10,0.5,50000,8,20,20,1.0,1.0,1.0,1.0,1.0,0,1.0,1.0,1.0,,,,3.5564417708665133,10,2,10,1.0,1,10
lacerda,hard,10,0.5,50000,9,20,20,1.0,1.0,1.0,1.0,1.0,0,1.0,1.0,1.0,,,,3.62135126395151,10,2,10,1.0,1,10
lacerda,hard,10,0.5,100000,0,20,20,1.0,1.0,1.0,1.0,1.0,0,1.0,1.0,1.0,,,,2.694465349894017,10,2,10,1.0,1,10
lacerda,hard,10,0.5,100000,1,20,20,1.0,1.0,1.0,1.0,1.0,0,1.0,1.0,1.0,,,,3.388960818992928,10,2,10,1.0,1,10
lacerda,hard,10,0.5,100000,2,20,20,1.0,1.0,1.0,1.0,1.0,0,1.0,1.0,1.0,,,,0.874376024119556,10,2,10,1.0,1,10
lacerda,hard,10,0.5,100000,3,20,20,1.0,1.0,1.0,1.0,1.0,0,1.0,1.0,1.0,,,,0.952128570061177,10,2,10,1.0,1,10
lacerda,hard,10,0.5,100000,4,20,20,1.0,1.0,1.0,1.0,1.0,0,1.0,1.0,1.0,,,,2.428086727159098,10,2,10,1.0,1,10
lacerda,hard,10,0.5,100000,5,20,20,1.0,1.0,1.0,1.0,1.0,0,1.0,1.0,1.0,,,,4.112073926022276,10,2,10,1.0,1,10
lacerda,hard,10,0.5,100000,6,20,20,1.0,1.0,1.0,1.0,1.0,0,1.0,1.0,1.0,,,,3.361973313149065,10,2,10,1.0,1,10
lacerda,hard,10,0.5,100000,7,20,20,1.0,1.0,1.0,1.0,1.0,0,1.0,1.0,1.0,,,,3.506533632054925,10,2,10,1.0,1,10
lacerda,hard,10,0.5,100000,8,20,20,1.0,1.0,1.0,1.0,1.0,0,1.0,1.0,1.0,,,,2.470480533083901,10,2,10,1.0,1,10
lacerda,hard,10,0.5,100000,9,20,20,1.0,1.0,1.0,1.0,1.0,0,1.0,1.0,1.0,,,,4.997312756022438,10,2,10,1.0,1,10
lacerda,hard,10,0.5,50,0,50,50,0.0,0.5325325325325325,0.2857142857142857,0.9478260869565216,0.4390735146022155,1671,0.2702214188883868,0.94770206022187,0.420534458509142,,,,0.4624420010950416,28,5,10,0.64,1,1
lacerda,hard,10,0.5,50,1,50,50,0.0,0.5336721728081322,0.2680869951176209,0.9193302891933028,0.4151202749140893,1702,0.2503477051460361,0.9183673469387756,0.3934426229508196,,,,3.881960725877434,25,5,10,0.7,1,1
lacerda,hard,10,0.5,50,2,50,50,0.0,0.541622760800843,0.2658557775847089,0.9637795275590552,0.4167517875383044,1713,0.2512359550561798,0.9688041594454072,0.3990007137758744,,,,0.5908262589946389,27,5,10,0.66,1,1
lacerda,hard,10,0.5,50,3,50,50,0.0,0.5734463276836159,0.2725716730851519,0.9680851063829788,0.4253756260434057,1721,0.2536912751677852,0.9725557461406518,0.4024130589070261,,,,0.7354656560346484,23,6,10,0.74,1,1
lacerda,hard,10,0.5,50,4,50,50,0.0,0.5366834170854271,0.2706140350877193,0.9492307692307692,0.421160409556314,1696,0.2552415679124886,0.945945945945946,0.4020100502512563,,,,0.8095802629832178,28,6,10,0.64,1,1
lacerda,hard,10,0.5,50,5,50,50,0.0,0.5740259740259741,0.2738345233095338,0.9673590504451038,0.4268412438625205,1751,0.2538360368259535,0.965,0.4019437695244707,,,,0.5960511509329081,24,5,10,0.72,1,1
lacerda,hard,10,0.5,50,6,50,50,0.0,0.566145092460882,0.2581052631578947,0.9623233908948194,0.4070385126162018,1786,0.2388520971302428,0.9626334519572952,0.3827378846834099,,,,0.6895694851409644,23,7,10,0.74,1,1
lacerda,hard,10,0.5,50,7,50,50,0.0,0.5627283800243605,0.275,0.972560975609756,0.428763440860215,1700,0.2595419847328244,0.9697986577181208,0.4094934466879206,,,,0.9556696659419686,25,5,10,0.7,1,1
lacerda,hard,10,0.5,50,8,50,50,0.0,0.605009633911368,0.2807486631016043,0.9813084112149532,0.4365904365904366,1626,0.2584905660377358,0.9856115107913668,0.4095665171898356,,,,0.7708859560079873,20,6,10,0.8,1,1
lacerda,hard,10,0.5,50,9,50,50,0.0,0.5367717287488062,0.2792792792792792,0.950920245398773,0.4317548746518105,1632,0.2645281264528126,0.9483333333333334,0.4136677571792075,,,,0.675731223076582,29,4,10,0.62,1,1
lacerda,hard,10,0.5,100,0,50,50,0.0,0.5398138572905895,0.3002049180327868,0.8492753623188406,0.4436033308099923,1470,0.2832093517534538,0.8446909667194928,0.4241941902109033,,,,0.812126477016136,28,5,10,0.64,1,1
lacerda,hard,10,0.5,100,1,50,50,0.0,0.5500633713561469,0.2847715736040609,0.8538812785388128,0.4271031594975257,1505,0.2692103868574457,0.8639455782312925,0.4105050505050505,,,,0.7333589538466185,25,5,10,0.7,1,1
lacerda,hard,10,0.5,100,2,50,50,0.0,0.5569334836527621,0.2866770347330223,0.8708661417322835,0.4313572542901716,1458,0.2706199460916442,0.8700173310225303,0.4128289473684209,,,,1.14837557496503,27,5,10,0.66,1,1
lacerda,hard,10,0.5,100,3,50,50,0.0,0.6009104704097117,0.297269448737764,0.8768996960486323,0.4440169295883033,1445,0.277687736358725,0.8816466552315609,0.4223500410846343,,,,1.0721608200110495,23,6,10,0.74,1,1
lacerda,hard,10,0.5,100,4,50,50,0.0,0.5392781316348195,0.2808532249873032,0.8507692307692307,0.4222985872470408,1513,0.2658562367864693,0.8496621621621622,0.4049919484702094,,,,1.320064360043034,28,6,10,0.64,1,1
lacerda,hard,10,0.5,100,5,50,50,0.0,0.595108695652174,0.2954545454545454,0.8679525222551929,0.440844009042954,1484,0.2755532139093783,0.8716666666666667,0.4187349879903923,,,,0.6239581531845033,24,5,10,0.72,1,1
lacerda,hard,10,0.5,100,6,50,50,0.0,0.5688888888888888,0.2806122448979591,0.8634222919937206,0.4235656526761647,1497,0.2603106588109266,0.8647686832740213,0.4001646768217374,,,,0.9657986161764712,23,7,10,0.74,1,1
lacerda,hard,10,0.5,100,7,50,50,0.0,0.583442838370565,0.2957894736842105,0.8567073170731707,0.4397496087636932,1432,0.2800658978583196,0.8557046979865772,0.4220107571369466,,,,1.179230344016105,25,5,10,0.7,1,1
lacerda,hard,10,0.5,100,8,50,50,0.0,0.5907335907335908,0.2812659520163348,0.8582554517133957,0.4236831987697039,1499,0.2580993520518359,0.8597122302158273,0.3970099667774087,,,,1.0207597520202398,20,6,10,0.8,1,1
lacerda,hard,10,0.5,100,9,50,50,0.0,0.5410821643286574,0.3008213552361396,0.8987730061349694,0.4507692307692308,1428,0.2862453531598513,0.8983333333333333,0.4341522351993555,,,,0.7258573521394283,29,4,10,0.62,1,1
lacerda,hard,10,0.5,500,0,50,50,0.0,0.5988950276243095,0.4011299435028249,0.9260869565217392,0.5597897503285152,1005,0.3825459317585302,0.9239302694136292,0.5410672853828307,,,,1.0421933089382946,28,5,10,0.64,1,1
lacerda,hard,10,0.5,500,1,50,50,0.0,0.6096551724137931,0.3920202659911336,0.9421613394216134,0.5536672629695886,998,0.3698996655518394,0.9404761904761904,0.5309649543927029,,,,1.1869995419401675,25,5,10,0.7,1,1
lacerda,hard,10,0.5,500,2,50,50,0.0,0.6234718826405867,0.3701657458563536,0.9496062992125984,0.5326855123674912,1058,0.3532051282051282,0.954939341421144,0.5156761815629388,,,,1.2391348141245544,27,5,10,0.66,1,1
lacerda,hard,10,0.5,500,3,50,50,0.0,0.6452648475120385,0.3987261146496815,0.9513677811550152,0.5619389587073609,976,0.3733963538149898,0.948542024013722,0.5358527131782946,,,,0.7490958070848137,23,6,10,0.74,1,1
lacerda,hard,10,0.5,500,4,50,50,0.0,0.6591760299625468,0.4450784593437946,0.96,0.6081871345029239,804,0.4266365688487584,0.9577702702702704,0.5903175429463821,,,,1.292060230858624,28,6,10,0.64,1,1
lacerda,hard,10,0.5,500,5,50,50,0.0,0.656934306569343,0.4318936877076412,0.9643916913946587,0.5966039467645708,879,0.4061841180604357,0.9633333333333334,0.5714285714285714,,,,0.9449165100231768,24,5,10,0.72,1,1
lacerda,hard,10,0.5,500,6,50,50,0.0,0.6322580645161291,0.4118852459016393,0.9466248037676608,0.5740123750594955,895,0.3872371283538796,0.9501779359430604,0.5502318392581144,,,,1.9043333700392395,23,7,10,0.74,1,1
lacerda,hard,10,0.5,500,7,50,50,0.0,0.6174496644295302,0.3894023413431916,0.9634146341463414,0.5546292233435718,1015,0.3708737864077669,0.9614093959731544,0.5352638953759925,,,,1.270806006155908,25,5,10,0.7,1,1
lacerda,hard,10,0.5,500,8,50,50,0.0,0.623015873015873,0.3482558139534883,0.9330218068535826,0.5071972904318375,1164,0.3229813664596273,0.935251798561151,0.4801477377654663,,,,1.195160183822736,20,6,10,0.8,1,1
lacerda,hard,10,0.5,500,9,50,50,0.0,0.6065217391304347,0.4,0.9631901840490796,0.5652565256525652,966,0.3819628647214854,0.96,0.5464895635673623,,,,0.9496225619222968,29,4,10,0.62,1,1
lacerda,hard,10,0.5,1000,0,50,50,0.0,0.7449933244325768,0.5874785591766724,0.9927536231884058,0.7381465517241378,486,0.5696087352138307,0.9920760697305864,0.7236994219653179,,,,0.4760988180059939,28,5,10,0.64,1,1
lacerda,hard,10,0.5,1000,1,50,50,0.0,0.6828528072837634,0.5468227424749164,0.9954337899543378,0.7058823529411764,545,0.5237242614145031,0.9948979591836736,0.6862170087976539,,,,0.5872216599527746,25,5,10,0.7,1,1
lacerda,hard,10,0.5,1000,2,50,50,0.0029542097488921,0.717877094972067,0.5088282504012841,0.9984251968503935,0.6741095162147793,613,0.4889643463497453,0.9982668977469672,0.6564102564102564,,,,0.6978331541176885,27,5,10,0.66,1,2
lacerda,hard,10,0.5,1000,3,50,50,0.0,0.763157894736842,0.5895589558955896,0.9954407294832828,0.7405313736574336,459,0.5653021442495126,0.9948542024013722,0.7209446861404598,,,,1.4024865101091564,23,6,10,0.74,1,1
lacerda,hard,10,0.5,1000,4,50,50,0.0,0.7631205673758865,0.6396039603960396,0.9938461538461538,0.7783132530120482,368,0.6222222222222222,0.9932432432432432,0.7651268705270007,,,,0.6867359101306647,28,6,10,0.64,1,1
lacerda,hard,10,0.5,1000,5,50,50,0.0,0.7529411764705882,0.6223255813953489,0.9925816023738872,0.7650085763293311,411,0.59679037111334,0.9916666666666668,0.7451471509079525,,,,0.4723281098995358,24,5,10,0.72,1,1
lacerda,hard,10,0.5,1000,6,50,50,0.0,0.7425373134328358,0.6225490196078431,0.9968602825745684,0.7664453832226916,387,0.5963791267305645,0.99644128113879,0.7461692205196536,,,,0.6072060519363731,23,7,10,0.74,1,1
lacerda,hard,10,0.5,1000,7,50,50,0.0,0.728414442700157,0.5768551236749117,0.9954268292682928,0.7304250559284117,482,0.5568075117370892,0.9949664429530202,0.7140276941601444,,,,1.0343840981367975,25,5,10,0.7,1,1
lacerda,hard,10,0.5,1000,8,50,50,0.0,0.7494033412887828,0.6304347826086957,0.9937694704049844,0.7714631197097945,378,0.6006528835690969,0.9928057553956836,0.7484745762711865,,,,0.6241148528642952,20,6,10,0.8,1,1
lacerda,hard,10,0.5,1000,9,50,50,0.0025199496010079,0.7470198675496688,0.5914076782449725,0.9923312883435584,0.7411225658648338,452,0.5741811175337187,0.9933333333333332,0.7277167277167278,,,,0.554057827917859,29,4,10,0.62,1,2
lacerda,hard,10,0.5,5000,0,50,50,0.0739768964025613,0.953846153846154,0.9261744966442952,1.0,0.9616724738675958,55,0.9211678832116788,1.0,0.958966565349544,,,,0.6513954708352685,28,5,10,0.64,1,10
lacerda,hard,10,0.5,5000,1,50,50,0.0593301391405107,0.9453781512605042,0.9332386363636364,1.0,0.9654665686994858,47,0.9274447949526814,1.0,0.962356792144026,,,,0.6680607560556382,25,5,10,0.7,1,6
lacerda,hard,10,0.5,5000,2,50,50,0.0292343199578896,0.9465930018416208,0.9176300578034682,1.0,0.9570459683496608,57,0.9100946372239748,1.0,0.9529314616019818,,,,0.8652113699354231,27,5,10,0.66,1,7
lacerda,hard,10,0.5,5000,3,50,50,0.0274813150705391,0.9508196721311476,0.9215686274509804,1.0,0.9591836734693878,56,0.9152276295133438,1.0,0.9557377049180328,,,,0.6506373488809913,23,6,10,0.74,1,5
lacerda,hard,10,0.5,5000,4,50,50,0.2814880816925695,0.9871559633027522,0.974512743628186,1.0,0.9870918754745636,17,0.9720853858784894,1.0,0.9858451290591174,,,,0.6484490828588605,28,6,10,0.64,1,18
lacerda,hard,10,0.5,5000,5,50,50,0.0606994249760165,0.982608695652174,0.9628571428571427,1.0,0.9810771470160116,26,0.9584664536741214,1.0,0.9787928221859706,,,,0.4712735400535166,24,5,10,0.72,1,8
lacerda,hard,10,0.5,5000,6,50,50,0.0,0.977886977886978,0.9607843137254902,1.0,0.98,26,0.9574105621805792,1.0,0.9782419495213228,,,,0.5884602859150618,23,7,10,0.74,1,1
lacerda,hard,10,0.5,5000,7,50,50,0.0487979780426696,0.9768421052631578,0.9618768328445748,1.0,0.9805680119581464,26,0.9581993569131833,1.0,0.9786535303776684,,,,0.4700052058324218,25,5,10,0.7,1,5
lacerda,hard,10,0.5,5000,8,50,50,0.0953444403557969,0.9753086419753086,0.9497041420118344,1.0,0.9742033383915022,34,0.9439728353140916,1.0,0.97117903930131,,,,0.6745488338638097,20,6,10,0.8,1,7
lacerda,hard,10,0.5,5000,9,50,50,0.1483356044383881,0.9690721649484536,0.9394812680115274,1.0,0.9687964338781576,42,0.9375,1.0,0.967741935483871,,,,0.6453654069919139,29,4,10,0.62,1,18
lacerda,hard,10,0.5,10000,0,50,50,0.639932815452446,0.998211091234347,0.9942363112391932,1.0,0.9971098265895956,4,0.9937007874015747,1.0,0.9968404423380728,,,,1.8177679700311276,28,5,10,0.64,1,25
lacerda,hard,10,0.5,10000,1,50,50,0.8500061221990939,0.986842105263158,0.9805970149253732,1.0,0.990203466465712,13,0.978369384359401,1.0,0.9890664423885618,,,,1.0549695801455528,25,5,10,0.7,1,21
lacerda,hard,10,0.5,10000,2,50,50,0.5371483529694638,0.9809160305343512,0.9739263803680982,1.0,0.9867909867909868,17,0.9713804713804712,1.0,0.9854824935952176,,,,1.2124126669950783,27,5,10,0.66,1,22
lacerda,hard,10,0.5,10000,3,50,50,1.0,0.9975429975429976,0.9909638554216867,1.0,0.995461422087746,6,0.9898132427843804,1.0,0.9948805460750852,,,,1.3086119729559869,23,6,10,0.74,1,23
lacerda,hard,10,0.5,10000,4,50,50,1.0,1.0,1.0,1.0,1.0,0,1.0,1.0,1.0,,,,1.112501760944724,28,6,10,0.64,1,28
lacerda,hard,10,0.5,10000,5,50,50,1.0,1.0,0.9985185185185184,1.0,0.9992587101556708,1,0.9983361064891848,1.0,0.9991673605328892,,,,1.3537605931051075,24,5,10,0.72,1,24
lacerda,hard,10,0.5,10000,6,50,50,1.0,1.0,1.0,1.0,1.0,0,1.0,1.0,1.0,,,,0.4982174218166619,23,7,10,0.74,1,23
lacerda,hard,10,0.5,10000,7,50,50,0.9181833361162132,0.9978494623655914,0.9909365558912386,1.0,0.9954476479514416,6,0.9900332225913622,1.0,0.994991652754591,,,,0.642342931125313,25,5,10,0.7,1,24
lacerda,hard,10,0.5,10000,8,50,50,1.0,1.0,0.9984447900466564,1.0,0.9992217898832686,1,0.9982046678635548,1.0,0.9991015274034142,,,,1.4589651499409229,20,6,10,0.8,1,20
lacerda,hard,10,0.5,10000,9,50,50,0.908464010076965,0.9964664310954064,0.9908814589665652,1.0,0.9954198473282444,6,0.99009900990099,1.0,0.9950248756218906,,,,0.7498323628678918,29,4,10,0.62,1,27
lacerda,hard,10,0.5,50000,0,50,50,1.0,1.0,1.0,1.0,1.0,0,1.0,1.0,1.0,,,,5.9172552928794175,28,5,10,0.64,1,28
lacerda,hard,10,0.5,50000,1,50,50,1.0,1.0,1.0,1.0,1.0,0,1.0,1.0,1.0,,,,3.597603825852275,25,5,10,0.7,1,25
lacerda,hard,10,0.5,50000,2,50,50,1.0,1.0,1.0,1.0,1.0,0,1.0,1.0,1.0,,,,6.6728134960867465,27,5,10,0.66,1,27
lacerda,hard,10,0.5,50000,3,50,50,1.0,1.0,1.0,1.0,1.0,0,1.0,1.0,1.0,,,,7.706554115982726,23,6,10,0.74,1,23
lacerda,hard,10,0.5,50000,4,50,50,1.0,1.0,1.0,1.0,1.0,0,1.0,1.0,1.0,,,,1.221655640983954,28,6,10,0.64,1,28
lacerda,hard,10,0.5,50000,5,50,50,1.0,1.0,1.0,1.0,1.0,0,1.0,1.0,1.0,,,,5.289495851844549,24,5,10,0.72,1,24
lacerda,hard,10,0.5,50000,6,50,50,1.0,1.0,1.0,1.0,1.0,0,1.0,1.0,1.0,,,,4.5602262078318745,23,7,10,0.74,1,23
lacerda,hard,10,0.5,50000,7,50,50,1.0,1.0,1.0,1.0,1.0,0,1.0,1.0,1.0,,,,1.0879341799300164,25,5,10,0.7,1,25
lacerda,hard,10,0.5,50000,8,50,50,1.0,1.0,1.0,1.0,1.0,0,1.0,1.0,1.0,,,,1.8558828900568187,20,6,10,0.8,1,20
lacerda,hard,10,0.5,50000,9,50,50,1.0,1.0,1.0,1.0,1.0,0,1.0,1.0,1.0,,,,2.915821263100952,29,4,10,0.62,1,29
lacerda,hard,10,0.5,100000,0,50,50,1.0,1.0,1.0,1.0,1.0,0,1.0,1.0,1.0,,,,9.763245617039502,28,5,10,0.64,1,28
lacerda,hard,10,0.5,100000,1,50,50,1.0,1.0,1.0,1.0,1.0,0,1.0,1.0,1.0,,,,2.285900237970054,25,5,10,0.7,1,25
lacerda,hard,10,0.5,100000,2,50,50,1.0,1.0,1.0,1.0,1.0,0,1.0,1.0,1.0,,,,7.753269542008638,27,5,10,0.66,1,27
lacerda,hard,10,0.5,100000,3,50,50,1.0,1.0,1.0,1.0,1.0,0,1.0,1.0,1.0,,,,6.451806602068245,23,6,10,0.74,1,23
lacerda,hard,10,0.5,100000,4,50,50,1.0,1.0,1.0,1.0,1.0,0,1.0,1.0,1.0,,,,9.54977251519449,28,6,10,0.64,1,28
lacerda,hard,10,0.5,100000,5,50,50,1.0,1.0,1.0,1.0,1.0,0,1.0,1.0,1.0,,,,9.787531800102444,24,5,10,0.72,1,24
lacerda,hard,10,0.5,100000,6,50,50,1.0,1.0,1.0,1.0,1.0,0,1.0,1.0,1.0,,,,8.178830050863326,23,7,10,0.74,1,23
lacerda,hard,10,0.5,100000,7,50,50,1.0,1.0,1.0,1.0,1.0,0,1.0,1.0,1.0,,,,7.182032292010263,25,5,10,0.7,1,25
lacerda,hard,10,0.5,100000,8,50,50,1.0,1.0,1.0,1.0,1.0,0,1.0,1.0,1.0,,,,7.20105684408918,20,6,10,0.8,1,20
lacerda,hard,10,0.5,100000,9,50,50,1.0,1.0,1.0,1.0,1.0,0,1.0,1.0,1.0,,,,7.438967220950872,29,4,10,0.62,1,29
lacerda,hard,10,0.5,100,0,100,100,0.0,0.504320987654321,0.2757975797579758,0.9546839299314548,0.4279617616934107,6702,0.2648063781321184,0.957972805933251,0.4149192468992594,,,,0.4830308170057833,51,9,10,0.59,1,1
lacerda,hard,10,0.5,100,1,100,100,0.0,0.4994054696789536,0.2569814538477936,0.9454901960784312,0.4041233657391887,7110,0.2456777887897808,0.9465422146796776,0.3901031648889666,,,,0.7743593859486282,51,9,10,0.59,1,1
lacerda,hard,10,0.5,100,2,100,100,0.0,0.5089258698940999,0.2674332735520625,0.9757505773672056,0.4198062432723358,7007,0.256563895849221,0.9751552795031057,0.4062446092806624,,,,1.5635794010013342,51,7,10,0.59,1,1
lacerda,hard,10,0.5,100,3,100,100,0.0,0.499841822208162,0.2632995907818221,0.945110166215694,0.4118588393834751,6983,0.250670540902995,0.9436264198569626,0.3961147902869757,,,,0.959612085018307,50,10,10,0.6,1,1
lacerda,hard,10,0.5,100,4,100,100,0.0,0.5091031692515171,0.2654600301659125,0.9466000768344218,0.4146403029028187,6957,0.2534613666815543,0.9493935591802594,0.4001057548250639,,,,1.5469993888400495,48,10,10,0.62,1,1
lacerda,hard,10,0.5,100,5,100,100,0.0,0.5239551478083588,0.2748199869081387,0.9596190476190476,0.427275040284963,6753,0.2606376943152161,0.961892797319933,0.4101419516114633,,,,0.6473242240026593,48,11,10,0.62,1,1
lacerda,hard,10,0.5,100,6,100,100,0.0,0.512202852614897,0.2679462155714595,0.9551604174719752,0.4184943687018376,6867,0.2563148398737032,0.9566498316498316,0.4043045179651369,,,,0.6029107940848917,50,12,10,0.6,1,1
lacerda,hard,10,0.5,100,7,100,100,0.0,0.5075296379365589,0.2669301431318094,0.961153846153846,0.4178231065039292,6964,0.2559787422497785,0.9605317823016204,0.4042311390855844,,,,0.6236652550287545,50,9,10,0.6,1,1
lacerda,hard,10,0.5,100,8,100,100,0.0,0.5113452188006483,0.2596573374481217,0.947940947940948,0.4076518252443405,7091,0.2465054359884624,0.9491670226398976,0.391369440774989,,,,0.6543943979777396,44,10,10,0.66,1,1
lacerda,hard,10,0.5,100,9,100,100,0.0,0.4964642770056084,0.2662209557211749,0.9499413375048884,0.4158890505949833,6823,0.2568570143884892,0.9528773978315264,0.4046396316628298,,,,12.609380346024407,57,9,10,0.53,1,1
lacerda,hard,10,0.5,500,0,100,100,0.0,0.5400410677618069,0.3130278277723937,0.861005331302361,0.4591329068941009,5327,0.3007345527869797,0.8603213844252163,0.4456776947705443,,,,2.941316429991275,51,9,10,0.59,1,1
lacerda,hard,10,0.5,500,1,100,100,0.0,0.5276679841897233,0.2936444086886565,0.8588235294117647,0.4376498800959232,5628,0.2811763073935359,0.8599915146372508,0.423792598787372,,,,1.8806194749195129,51,9,10,0.59,1,1
lacerda,hard,10,0.5,500,2,100,100,0.0,0.5327164573694646,0.2923968902358677,0.8541185527328714,0.4356532835967409,5749,0.2809264305177111,0.8538302277432712,0.4227575602255253,,,,2.0527893071994185,51,7,10,0.59,1,1
lacerda,hard,10,0.5,500,3,100,100,0.0,0.5260216556060077,0.290214924576158,0.8403556242752223,0.4314348084937487,5730,0.2775006927126628,0.8426588136306269,0.4175091193329859,,,,2.3075127489864826,50,10,10,0.6,1,1
lacerda,hard,10,0.5,500,4,100,100,0.0,0.5460076045627377,0.3048413566739606,0.8563196311947753,0.4496217851739788,5457,0.2919396183423526,0.8573818485989126,0.4355678317220864,,,,3.2928185879718512,48,10,10,0.62,1,1
lacerda,hard,10,0.5,500,5,100,100,0.0,0.5481372187384729,0.294975473949357,0.8476190476190476,0.4376475216365066,5718,0.2801985659128516,0.8509212730318257,0.4215767634854772,,,,2.0921486881561577,48,11,10,0.62,1,1
lacerda,hard,10,0.5,500,6,100,100,0.0,0.5295524427741716,0.2907641196013289,0.8457672980286045,0.432753164556962,5736,0.2791885178029257,0.8514309764309764,0.4204946996466431,,,,3.611220521153882,50,12,10,0.6,1,1
lacerda,hard,10,0.5,500,7,100,100,0.0,0.5253648366921474,0.300494586285256,0.8646153846153846,0.4459875012399564,5585,0.2896159711631776,0.8678853344412131,0.4343035343035343,,,,2.9129907838068902,50,9,10,0.6,1,1
lacerda,hard,10,0.5,500,8,100,100,0.0,0.5453759723422644,0.2881885662195598,0.8597513597513597,0.4316785331122598,5827,0.2752617979056168,0.8645877829987185,0.4175778832267382,,,,2.754047555848956,44,10,10,0.66,1,1
lacerda,hard,10,0.5,500,9,100,100,0.0,0.5209125475285171,0.2932582763704597,0.8556902620258114,0.4368137352765022,5642,0.2830735273830873,0.8557130942452044,0.4254172281538302,,,,2.241727041080594,57,9,10,0.53,1,1
lacerda,hard,10,0.5,1000,0,100,100,0.0,0.6537396121883656,0.4566660685447694,0.9691546077684692,0.6208074155384803,3109,0.4418123707463809,0.9682735887927484,0.6067647818228764,,,,1.1465950270649046,51,9,10,0.59,1,1
lacerda,hard,10,0.5,1000,1,100,100,0.0,0.6337010270064664,0.4565297817240104,0.967843137254902,0.6204122674710909,3020,0.4416263310745402,0.9677556215528214,0.6064876362669502,,,,1.1360458170529455,51,9,10,0.59,1,1
lacerda,hard,10,0.5,1000,2,100,100,0.0,0.6447166921898928,0.4555334178590835,0.9680523479599692,0.61953442542185,3089,0.4424242424242424,0.967287784679089,0.6071474983755686,,,,1.1475632020737976,51,7,10,0.59,1,1
lacerda,hard,10,0.5,1000,3,100,100,0.0,0.6825734980826587,0.4910678034916768,0.9350599149594124,0.6439504858245707,2675,0.4753641816623822,0.933529659234329,0.6299503193754437,,,,1.3721014570910484,50,10,10,0.6,1,1
lacerda,hard,10,0.5,1000,4,100,100,0.0,0.706547338671691,0.5032193158953723,0.9608144448713024,0.660504423610194,2571,0.4875611311928556,0.959012965286491,0.6464617987031294,,,,1.1709306410048157,48,10,10,0.62,1,1
lacerda,hard,10,0.5,1000,5,100,100,0.0,0.6560207164436772,0.4776515151515151,0.9607619047619048,0.6380771663504111,2861,0.4576169532187125,0.9585427135678392,0.6194857916102842,,,,1.599822968011722,48,11,10,0.62,1,1
lacerda,hard,10,0.5,1000,6,100,100,0.0,0.6491017964071856,0.4627428787021316,0.9482025512176266,0.6219574036511156,2982,0.4470494734750646,0.946969696969697,0.6073694155756513,,,,2.020418463042006,50,12,10,0.6,1,1
lacerda,hard,10,0.5,1000,7,100,100,0.0,0.6448748991121872,0.4646558105107328,0.9657692307692308,0.6274362818590705,2982,0.4503491078355314,0.9646863315330286,0.6140420468068226,,,,1.6474142000079155,50,9,10,0.6,1,1
lacerda,hard,10,0.5,1000,8,100,100,0.0,0.6572722697533971,0.4470335185517117,0.9689199689199688,0.6117993376671164,3165,0.4296549108835798,0.9679624092268262,0.5951411687458963,,,,1.9562889740336689,44,10,10,0.66,1,1
lacerda,hard,10,0.5,1000,9,100,100,0.0,0.6762638098426516,0.4764944863609983,0.9632381697301524,0.6375873673310899,2800,0.4648170486529955,0.964136780650542,0.6272381985892566,,,,1.7705669070128351,57,9,10,0.53,1,1
lacerda,hard,10,0.5,5000,0,100,100,0.0110438794076984,0.9191863661352392,0.8712674187126742,1.0,0.9312056737588652,388,0.8664762584791146,1.0,0.9284621270084162,,,,0.5298780750017613,51,9,10,0.59,1,8
lacerda,hard,10,0.5,5000,1,100,100,0.0169590253182574,0.9195029713668288,0.8826177285318559,0.9996078431372548,0.937477013607944,340,0.8768142910308895,0.9995757318625372,0.9341792228390168,,,,1.4358208240009844,51,9,10,0.59,1,3
lacerda,hard,10,0.5,5000,2,100,100,0.0013009872197137,0.9301570113697888,0.8894214310167751,1.0,0.9414749048740714,323,0.8852639296187683,1.0,0.9391405794283492,,,,1.582732365000993,51,7,10,0.59,1,2
lacerda,hard,10,0.5,5000,3,100,100,0.0096624363675961,0.9663716814159292,0.9448301059554256,0.9996134518747584,0.97145003756574,152,0.9421094369547978,0.9995793016407236,0.969993876301286,,,,1.0486649621743709,50,10,10,0.6,1,4
lacerda,hard,10,0.5,5000,4,100,100,0.0378899390191921,0.9577819785759296,0.930972818311874,1.0,0.9642526393776626,193,0.9271035284994184,1.0,0.9621730382293764,,,,0.6627598439808935,48,10,10,0.62,1,15
lacerda,hard,10,0.5,5000,5,100,100,0.0157450397805421,0.9388489208633094,0.9265795975997176,1.0,0.9618908024917552,208,0.9209409949865022,1.0,0.9588436057016664,,,,0.7449340929742903,48,11,10,0.62,1,5
lacerda,hard,10,0.5,5000,6,100,100,0.0016012056136385,0.9298147108366086,0.9086437104708364,0.9996134518747584,0.9519602429596908,261,0.9033853176112592,0.9995791245791246,0.9490509490509492,,,,0.795268366811797,50,12,10,0.6,1,2
lacerda,hard,10,0.5,5000,7,100,100,0.0178714933104625,0.9184597961494904,0.8810572687224669,1.0,0.936768149882904,351,0.8746366279069767,1.0,0.9331265749176196,,,,1.5187060250900686,50,9,10,0.6,1,5
lacerda,hard,10,0.5,5000,8,100,100,0.0263980358646314,0.9114799446749656,0.8678354686446392,1.0,0.9292418772563176,392,0.8590825688073395,1.0,0.9242005527043032,,,,1.030116083100438,44,10,10,0.66,1,5
lacerda,hard,10,0.5,5000,9,100,100,0.0214928424062354,0.9476102941176472,0.9038189533239038,0.9996089166992568,0.9493036211699164,273,0.8980891719745223,0.999582985821518,0.946121965660154,,,,0.7911694759968668,57,9,10,0.53,1,13
lacerda,hard,10,0.5,10000,0,100,100,0.0703373983127186,0.9777777777777776,0.9654411764705882,1.0,0.982416760194538,94,0.9638602065131056,1.0,0.98159757330637,,,,0.4862274599727243,51,9,10,0.59,1,24
lacerda,hard,10,0.5,10000,1,100,100,0.1703478236727011,0.9832466782206816,0.9773859716366424,1.0,0.9885636751308392,59,0.9763877381938691,1.0,0.9880528191154896,,,,1.0751053269486874,51,9,10,0.59,1,26
lacerda,hard,10,0.5,10000,2,100,100,0.0661734877594089,0.983400114481969,0.9723053892215568,1.0,0.9859582542694496,74,0.9702691844114102,1.0,0.984910277324633,,,,1.0856565260328352,51,7,10,0.59,1,20
lacerda,hard,10,0.5,10000,3,100,100,0.2952378848299402,0.9951397326852977,0.993853246254322,1.0,0.9969171483622352,16,0.9937290969899666,1.0,0.9968546865170896,,,,1.9648074661381545,50,10,10,0.6,1,39
lacerda,hard,10,0.5,10000,4,100,100,0.1309732729019608,0.992815153494448,0.9897338403041824,1.0,0.9948404356965412,27,0.9896523178807948,1.0,0.9947992510921572,,,,1.335546265123412,48,10,10,0.62,1,29
lacerda,hard,10,0.5,10000,5,100,100,0.0361805214105376,0.9930247305009512,0.9887005649717514,1.0,0.994318181818182,30,0.9875930521091812,1.0,0.9937578027465668,,,,0.6974931159056723,48,11,10,0.62,1,8
lacerda,hard,10,0.5,10000,6,100,100,0.0233004888893685,0.9928057553956836,0.9877815960290188,1.0,0.993853246254322,32,0.9867109634551496,1.0,0.9933110367892978,,,,0.6020085162017494,50,12,10,0.6,1,3
lacerda,hard,10,0.5,10000,7,100,100,0.0397678422088364,0.9818401937046004,0.97196261682243,1.0,0.985781990521327,75,0.9697824335213536,1.0,0.9846594395581918,,,,1.151203416986391,50,9,10,0.6,1,7
lacerda,hard,10,0.5,10000,8,100,100,0.0854321058536417,0.9791976225854384,0.9665790461885092,1.0,0.9830055375214816,89,0.9637710992177853,1.0,0.9815513626834382,,,,2.15619356604293,44,10,10,0.66,1,14
lacerda,hard,10,0.5,10000,9,100,100,0.1286344785895239,0.9918229918229918,0.9868776534156696,1.0,0.9933954933954934,34,0.986425339366516,1.0,0.9931662870159452,,,,1.681069026933983,57,9,10,0.53,1,34
lacerda,hard,10,0.5,50000,0,100,100,1.0,1.0,1.0,1.0,1.0,0,1.0,1.0,1.0,,,,11.62815806386061,51,9,10,0.59,1,51
lacerda,hard,10,0.5,50000,1,100,100,1.0,1.0,1.0,1.0,1.0,0,1.0,1.0,1.0,,,,3.136250779032707,51,9,10,0.59,1,51
lacerda,hard,10,0.5,50000,2,100,100,1.0,1.0,1.0,1.0,1.0,0,1.0,1.0,1.0,,,,11.265912336995823,51,7,10,0.59,1,51
lacerda,hard,10,0.5,50000,3,100,100,1.0,1.0,1.0,1.0,1.0,0,1.0,1.0,1.0,,,,9.43457183497958,50,10,10,0.6,1,50
lacerda,hard,10,0.5,50000,4,100,100,1.0,1.0,1.0,1.0,1.0,0,1.0,1.0,1.0,,,,9.78637056099251,48,10,10,0.62,1,48
lacerda,hard,10,0.5,50000,5,100,100,1.0,1.0,1.0,1.0,1.0,0,1.0,1.0,1.0,,,,9.81666514207609,48,11,10,0.62,1,48
lacerda,hard,10,0.5,50000,6,100,100,1.0,1.0,1.0,1.0,1.0,0,1.0,1.0,1.0,,,,6.598700794158503,50,12,10,0.6,1,50
lacerda,hard,10,0.5,50000,7,100,100,1.0,1.0,1.0,1.0,1.0,0,1.0,1.0,1.0,,,,9.633859313093126,50,9,10,0.6,1,50
lacerda,hard,10,0.5,50000,8,100,100,1.0,1.0,1.0,1.0,1.0,0,1.0,1.0,1.0,,,,10.88217340200208,44,10,10,0.66,1,44
lacerda,hard,10,0.5,50000,9,100,100,1.0,1.0,1.0,1.0,1.0,0,1.0,1.0,1.0,,,,2.77026534313336,57,9,10,0.53,1,57
lacerda,hard,10,0.5,100000,0,100,100,1.0,1.0,1.0,1.0,1.0,0,1.0,1.0,1.0,,,,17.078710108995438,51,9,10,0.59,1,51
lacerda,hard,10,0.5,100000,1,100,100,1.0,1.0,1.0,1.0,1.0,0,1.0,1.0,1.0,,,,21.370817351154983,51,9,10,0.59,1,51
lacerda,hard,10,0.5,100000,2,100,100,1.0,1.0,1.0,1.0,1.0,0,1.0,1.0,1.0,,,,11.388995683984833,51,7,10,0.59,1,51
lacerda,hard,10,0.5,100000,3,100,100,1.0,1.0,1.0,1.0,1.0,0,1.0,1.0,1.0,,,,11.610508032841608,50,10,10,0.6,1,50
lacerda,hard,10,0.5,100000,4,100,100,1.0,1.0,1.0,1.0,1.0,0,1.0,1.0,1.0,,,,18.387328455923125,48,10,10,0.62,1,48
lacerda,hard,10,0.5,100000,5,100,100,1.0,1.0,1.0,1.0,1.0,0,1.0,1.0,1.0,,,,17.405717418063432,48,11,10,0.62,1,48
lacerda,hard,10,0.5,100000,6,100,100,1.0,1.0,1.0,1.0,1.0,0,1.0,1.0,1.0,,,,22.307405680185184,50,12,10,0.6,1,50
lacerda,hard,10,0.5,100000,7,100,100,1.0,1.0,1.0,1.0,1.0,0,1.0,1.0,1.0,,,,6.1967532590497285,50,9,10,0.6,1,50
lacerda,hard,10,0.5,100000,8,100,100,1.0,1.0,1.0,1.0,1.0,0,1.0,1.0,1.0,,,,19.99515336495824,44,10,10,0.66,1,44
lacerda,hard,10,0.5,100000,9,100,100,1.0,1.0,1.0,1.0,1.0,0,1.0,1.0,1.0,,,,27.44875092478469,57,9,10,0.53,1,57
disjointcycles,hard,10,0.5,50,0,20,20,0.0,0.0,1.0,0.0,0.0,109,1.0,0.0,0.0,,,,0.2137503798585385,10,2,10,1.0,1,20
disjointcycles,hard,10,0.5,50,1,20,20,0.0,0.0,1.0,0.0,0.0,115,1.0,0.0,0.0,,,,0.3266828048508614,10,2,10,1.0,1,20
disjointcycles,hard,10,0.5,50,2,20,20,0.0,0.0,1.0,0.0,0.0,115,1.0,0.0,0.0,,,,0.678765410091728,10,2,10,1.0,1,20
disjointcycles,hard,10,0.5,50,3,20,20,0.0,0.0,1.0,0.0,0.0,106,1.0,0.0,0.0,,,,0.4256176059134304,10,2,10,1.0,1,20
disjointcycles,hard,10,0.5,50,4,20,20,0.0,0.0,1.0,0.0,0.0,108,1.0,0.0,0.0,,,,0.7641462988685817,10,2,10,1.0,1,20
disjointcycles,hard,10,0.5,50,5,20,20,0.0,0.0,1.0,0.0,0.0,123,1.0,0.0,0.0,,,,0.5197309390641749,10,2,10,1.0,1,20
disjointcycles,hard,10,0.5,50,6,20,20,0.0,0.0,1.0,0.0,0.0,104,1.0,0.0,0.0,,,,0.6564270379021764,10,2,10,1.0,1,20
disjointcycles,hard,10,0.5,50,7,20,20,0.0,0.0,1.0,0.0,0.0,106,1.0,0.0,0.0,,,,0.6023435338865966,10,2,10,1.0,1,20
disjointcycles,hard,10,0.5,50,8,20,20,0.0,0.0,1.0,0.0,0.0,110,1.0,0.0,0.0,,,,0.7561130090616643,10,2,10,1.0,1,20
disjointcycles,hard,10,0.5,50,9,20,20,0.0,0.0,1.0,0.0,0.0,102,1.0,0.0,0.0,,,,0.7347341000568122,10,2,10,1.0,1,20
disjointcycles,hard,10,0.5,100,0,20,20,0.0,0.0,1.0,0.0,0.0,109,1.0,0.0,0.0,,,,0.7302275761030614,10,2,10,1.0,1,20
disjointcycles,hard,10,0.5,100,1,20,20,0.0,0.0,1.0,0.0,0.0,115,1.0,0.0,0.0,,,,0.8035554250236601,10,2,10,1.0,1,20
disjointcycles,hard,10,0.5,100,2,20,20,0.0,0.0,1.0,0.0,0.0,115,1.0,0.0,0.0,,,,0.6261840760707855,10,2,10,1.0,1,20
disjointcycles,hard,10,0.5,100,3,20,20,0.0,0.0,1.0,0.0,0.0,106,1.0,0.0,0.0,,,,0.4197702929377556,10,2,10,1.0,1,20
disjointcycles,hard,10,0.5,100,4,20,20,0.0,0.0,1.0,0.0,0.0,108,1.0,0.0,0.0,,,,0.6344320641364902,10,2,10,1.0,1,20
disjointcycles,hard,10,0.5,100,5,20,20,0.0,0.0,1.0,0.0,0.0,123,1.0,0.0,0.0,,,,0.7947612700518221,10,2,10,1.0,1,20
disjointcycles,hard,10,0.5,100,6,20,20,0.0,0.0,1.0,0.0,0.0,104,1.0,0.0,0.0,,,,0.3963155320379883,10,2,10,1.0,1,20
disjointcycles,hard,10,0.5,100,7,20,20,0.0,0.0,1.0,0.0,0.0,106,1.0,0.0,0.0,,,,0.4471865990199148,10,2,10,1.0,1,20
disjointcycles,hard,10,0.5,100,8,20,20,0.0,0.0,1.0,0.0,0.0,110,1.0,0.0,0.0,,,,0.6860186390113086,10,2,10,1.0,1,20
disjointcycles,hard,10,0.5,100,9,20,20,0.0,0.0,1.0,0.0,0.0,102,1.0,0.0,0.0,,,,0.5538025188725442,10,2,10,1.0,1,20
disjointcycles,hard,10,0.5,500,0,20,20,0.0,0.0,1.0,0.0,0.0,109,1.0,0.0,0.0,,,,1.899265986168757,10,2,10,1.0,1,20
disjointcycles,hard,10,0.5,500,1,20,20,0.0,0.0,1.0,0.0,0.0,115,1.0,0.0,0.0,,,,1.0609845051076263,10,2,10,1.0,1,20
disjointcycles,hard,10,0.5,500,2,20,20,0.0,0.0,1.0,0.0,0.0,115,1.0,0.0,0.0,,,,0.4034634388517588,10,2,10,1.0,1,20
disjointcycles,hard,10,0.5,500,3,20,20,0.0,0.0,1.0,0.0,0.0,106,1.0,0.0,0.0,,,,0.8472034470178187,10,2,10,1.0,1,20
disjointcycles,hard,10,0.5,500,4,20,20,0.0,0.0,1.0,0.0,0.0,108,1.0,0.0,0.0,,,,0.573926588986069,10,2,10,1.0,1,20
disjointcycles,hard,10,0.5,500,5,20,20,0.0,0.0,1.0,0.0,0.0,123,1.0,0.0,0.0,,,,3.049385141115636,10,2,10,1.0,1,20
disjointcycles,hard,10,0.5,500,6,20,20,0.0,0.0,1.0,0.0,0.0,104,1.0,0.0,0.0,,,,0.9620361989364028,10,2,10,1.0,1,20
disjointcycles,hard,10,0.5,500,7,20,20,0.0,0.0,1.0,0.0,0.0,106,1.0,0.0,0.0,,,,1.013800455024466,10,2,10,1.0,1,20
disjointcycles,hard,10,0.5,500,8,20,20,0.0,0.0,1.0,0.0,0.0,110,1.0,0.0,0.0,,,,2.5313672740012407,10,2,10,1.0,1,20
disjointcycles,hard,10,0.5,500,9,20,20,0.0,0.0,1.0,0.0,0.0,102,1.0,0.0,0.0,,,,0.8404136409517378,10,2,10,1.0,1,20
disjointcycles,hard,10,0.5,1000,0,20,20,0.0,0.0,1.0,0.0,0.0,109,1.0,0.0,0.0,,,,3.025148815941065,10,2,10,1.0,1,20
disjointcycles,hard,10,0.5,1000,1,20,20,0.0,0.0,1.0,0.0,0.0,115,1.0,0.0,0.0,,,,3.545001940103248,10,2,10,1.0,1,20
disjointcycles,hard,10,0.5,1000,2,20,20,0.0,0.0465116279069767,0.0,0.0,0.0,116,0.0,0.0,0.0,,,,3.4358606641180813,10,2,10,1.0,1,20
disjointcycles,hard,10,0.5,1000,3,20,20,0.0,0.0,1.0,0.0,0.0,106,1.0,0.0,0.0,,,,1.3833405470941216,10,2,10,1.0,1,20
disjointcycles,hard,10,0.5,1000,4,20,20,0.0,0.0,1.0,0.0,0.0,108,1.0,0.0,0.0,,,,3.822115240152925,10,2,10,1.0,1,20
disjointcycles,hard,10,0.5,1000,5,20,20,0.0,0.0,1.0,0.0,0.0,123,1.0,0.0,0.0,,,,3.0528644758742303,10,2,10,1.0,1,20
disjointcycles,hard,10,0.5,1000,6,20,20,0.0,0.0,1.0,0.0,0.0,104,1.0,0.0,0.0,,,,5.286791604012251,10,2,10,1.0,1,20
disjointcycles,hard,10,0.5,1000,7,20,20,0.0,0.0,1.0,0.0,0.0,106,1.0,0.0,0.0,,,,2.645461146021262,10,2,10,1.0,1,20
disjointcycles,hard,10,0.5,1000,8,20,20,0.0,0.0,1.0,0.0,0.0,110,1.0,0.0,0.0,,,,3.064939427189529,10,2,10,1.0,1,20
disjointcycles,hard,10,0.5,1000,9,20,20,0.0,0.0,1.0,0.0,0.0,102,1.0,0.0,0.0,,,,3.2741828069556504,10,2,10,1.0,1,20
disjointcycles,hard,10,0.5,5000,0,20,20,0.4672897196261682,0.6666666666666666,0.6379310344827587,0.3394495412844037,0.4431137724550898,93,0.5625,0.3033707865168539,0.3941605839416058,,,,15.470811756094918,10,2,10,1.0,1,12
disjointcycles,hard,10,0.5,5000,1,20,20,0.0,0.2333333333333333,0.4,0.0695652173913043,0.1185185185185185,119,0.3333333333333333,0.0631578947368421,0.1061946902654867,,,,3.9135882339905943,10,2,10,1.0,1,1
disjointcycles,hard,10,0.5,5000,2,20,20,0.7397260273972602,0.8333333333333333,0.8536585365853658,0.6086956521739131,0.7106598984771574,57,0.8309859154929577,0.6210526315789474,0.710843373493976,,,,16.298199685057625,10,2,10,1.0,1,14
disjointcycles,hard,10,0.5,5000,3,20,20,-0.0053811659192825,0.3880597014925373,0.325,0.1226415094339622,0.1780821917808218,120,0.2285714285714285,0.0930232558139534,0.1322314049586776,,,,8.946666134987026,10,2,10,1.0,1,5
disjointcycles,hard,10,0.5,5000,4,20,20,0.1739130434782608,0.5555555555555556,0.8421052631578947,0.1481481481481481,0.2519685039370078,95,0.8235294117647058,0.1590909090909091,0.2666666666666666,,,,15.530280713923275,10,2,10,1.0,1,19
disjointcycles,hard,10,0.5,5000,5,20,20,0.5581395348837209,0.6666666666666667,0.9642857142857144,0.4390243902439024,0.6033519553072626,71,0.9565217391304348,0.4271844660194174,0.5906040268456375,,,,17.03754211519845,10,2,10,1.0,1,16
disjointcycles,hard,10,0.5,5000,6,20,20,0.1824440619621342,0.684931506849315,0.5384615384615384,0.3365384615384615,0.4142011834319526,99,0.4827586206896552,0.3333333333333333,0.3943661971830985,,,,16.090479189995676,10,2,10,1.0,1,12
disjointcycles,hard,10,0.5,5000,7,20,20,0.1416361416361416,0.5454545454545454,0.4782608695652174,0.2075471698113207,0.2894736842105263,108,0.4,0.1860465116279069,0.2539682539682539,,,,13.069746542954816,10,2,10,1.0,1,11
disjointcycles,hard,10,0.5,5000,8,20,20,-0.0163447251114413,0.5128205128205128,0.3090909090909091,0.1545454545454545,0.206060606060606,131,0.2830188679245283,0.1666666666666666,0.2097902097902097,,,,12.203540261136368,10,2,10,1.0,1,7
disjointcycles,hard,10,0.5,5000,9,20,20,0.3214285714285714,0.5084745762711864,0.8,0.3137254901960784,0.4507042253521126,78,0.7714285714285715,0.3292682926829268,0.4615384615384615,,,,14.692642109002918,10,2,10,1.0,1,18
disjointcycles,hard,10,0.5,10000,0,20,20,0.5163636363636364,0.6153846153846153,0.8837209302325582,0.3486238532110092,0.5000000000000001,76,0.8529411764705882,0.3258426966292135,0.4715447154471545,,,,37.27039322606288,10,2,10,1.0,1,15
disjointcycles,hard,10,0.5,10000,1,20,20,0.0,0.2666666666666666,0.5,0.0869565217391304,0.1481481481481481,115,0.4117647058823529,0.0736842105263157,0.1249999999999999,,,,7.777977301040664,10,2,10,1.0,1,1
disjointcycles,hard,10,0.5,10000,2,20,20,0.2635658914728682,0.7948717948717949,0.6355140186915887,0.591304347826087,0.6126126126126126,86,0.6060606060606061,0.631578947368421,0.6185567010309277,,,,36.38043658481911,10,2,10,1.0,1,16
disjointcycles,hard,10,0.5,10000,3,20,20,0.6545454545454545,0.5964912280701754,1.0,0.3773584905660377,0.5479452054794521,66,1.0,0.3372093023255814,0.5043478260869565,,,,32.8467059051618,10,2,10,1.0,1,15
disjointcycles,hard,10,0.5,10000,4,20,20,0.4481327800829875,0.6551724137931034,1.0,0.3611111111111111,0.5306122448979591,69,1.0,0.375,0.5454545454545454,,,,32.19854599912651,10,2,10,1.0,1,17
disjointcycles,hard,10,0.5,10000,5,20,20,0.1739130434782608,0.8395061728395061,0.6509433962264151,0.5609756097560976,0.6026200873362445,91,0.6145833333333334,0.5728155339805825,0.592964824120603,,,,28.02616425417364,10,2,10,1.0,1,9
disjointcycles,hard,10,0.5,10000,6,20,20,0.3214285714285714,0.326530612244898,0.8095238095238095,0.1634615384615384,0.272,91,0.75,0.1428571428571428,0.24,,,,36.92515440983698,10,2,10,1.0,1,18
disjointcycles,hard,10,0.5,10000,7,20,20,0.2203985932004689,0.8461538461538461,0.7088607594936709,0.5283018867924528,0.6054054054054053,73,0.6617647058823529,0.5232558139534884,0.5844155844155845,,,,28.3084293208085,10,2,10,1.0,1,9
disjointcycles,hard,10,0.5,10000,8,20,20,0.8155339805825242,0.8219178082191781,0.953846153846154,0.5636363636363636,0.7085714285714286,51,0.9411764705882352,0.5333333333333333,0.6808510638297872,,,,32.898339385166764,10,2,10,1.0,1,13
disjointcycles,hard,10,0.5,10000,9,20,20,0.8155339805825242,0.782608695652174,0.9230769230769232,0.5882352941176471,0.7185628742514971,47,0.9056603773584906,0.5853658536585366,0.711111111111111,,,,31.350986275821924,10,2,10,1.0,1,13
disjointcycles,hard,10,0.5,50000,0,20,20,0.9446064139941692,0.9,0.9883720930232558,0.7798165137614679,0.8717948717948718,25,0.9852941176470588,0.7528089887640449,0.8535031847133758,,,,240.1790958221536,10,2,10,1.0,1,11
disjointcycles,hard,10,0.5,50000,1,20,20,-0.0062305295950155,0.4931506849315069,0.3684210526315789,0.1217391304347826,0.1830065359477124,125,0.3513513513513513,0.1368421052631579,0.1969696969696969,,,,101.99634454608896,10,2,10,1.0,1,4
disjointcycles,hard,10,0.5,50000,2,20,20,0.2203985932004689,0.8157894736842106,0.6808510638297872,0.5565217391304348,0.6124401913875598,81,0.6385542168674698,0.5578947368421052,0.595505617977528,,,,188.1036383970641,10,2,10,1.0,1,9
disjointcycles,hard,10,0.5,50000,3,20,20,0.0704500978473581,0.6216216216216216,0.4516129032258064,0.3962264150943396,0.4221105527638191,115,0.4069767441860465,0.4069767441860465,0.4069767441860465,,,,131.67861141311005,10,2,10,1.0,1,7
disjointcycles,hard,10,0.5,50000,4,20,20,0.7397260273972602,0.9166666666666666,0.9397590361445785,0.7222222222222222,0.8167539267015707,35,0.9285714285714286,0.7386363636363636,0.8227848101265823,,,,219.08653364912607,10,2,10,1.0,1,14
disjointcycles,hard,10,0.5,50000,5,20,20,0.0704500978473581,0.6933333333333332,0.5697674418604651,0.3983739837398374,0.4688995215311005,111,0.5256410256410257,0.3980582524271844,0.4530386740331492,,,,140.45554153597914,10,2,10,1.0,1,7
disjointcycles,hard,10,0.5,50000,6,20,20,0.6545454545454545,0.7941176470588235,0.9552238805970148,0.6153846153846154,0.7485380116959064,43,0.9444444444444444,0.6071428571428571,0.7391304347826088,,,,239.514593396103,10,2,10,1.0,1,15
disjointcycles,hard,10,0.5,50000,7,20,20,0.8834355828220859,0.9113924050632912,0.9247311827956988,0.8113207547169812,0.8643216080402009,27,0.9078947368421052,0.8023255813953488,0.8518518518518517,,,,206.0882068730425,10,2,10,1.0,1,12
disjointcycles,hard,10,0.5,50000,8,20,20,0.8834355828220859,0.963855421686747,0.925531914893617,0.7909090909090909,0.8529411764705882,30,0.9090909090909092,0.7777777777777778,0.8383233532934132,,,,234.94448523409665,10,2,10,1.0,1,12
disjointcycles,hard,10,0.5,50000,9,20,20,0.8155339805825242,0.8533333333333334,0.9367088607594936,0.7254901960784313,0.8176795580110497,33,0.921875,0.7195121951219512,0.8082191780821918,,,,214.25839929189533,10,2,10,1.0,1,13
disjointcycles,hard,10,0.5,100000,0,20,20,0.9446064139941692,0.9268292682926828,0.9888888888888888,0.8165137614678899,0.8944723618090452,21,0.9861111111111112,0.797752808988764,0.8819875776397516,,,,392.21530266688205,10,2,10,1.0,1,11
disjointcycles,hard,10,0.5,100000,1,20,20,0.8834355828220859,0.9113924050632912,0.956043956043956,0.7565217391304347,0.8446601941747574,32,0.948051948051948,0.7684210526315789,0.8488372093023255,,,,425.1920174099505,10,2,10,1.0,1,12
disjointcycles,hard,10,0.5,100000,2,20,20,0.2203985932004689,0.9,0.68,0.591304347826087,0.6325581395348838,79,0.6404494382022472,0.6,0.6195652173913042,,,,367.8993272930384,10,2,10,1.0,1,9
disjointcycles,hard,10,0.5,100000,3,20,20,0.9446064139941692,0.9743589743589745,0.98989898989899,0.9245283018867924,0.9560975609756096,9,0.9875,0.9186046511627908,0.9518072289156626,,,,447.2052649538964,10,2,10,1.0,1,11
disjointcycles,hard,10,0.5,100000,4,20,20,0.8155339805825242,0.9014084507042254,0.942528735632184,0.7592592592592593,0.841025641025641,31,0.9305555555555556,0.7613636363636364,0.8375,,,,446.8551925478969,10,2,10,1.0,1,13
disjointcycles,hard,10,0.5,100000,5,20,20,0.0655737704918032,0.7560975609756099,0.5446428571428571,0.4959349593495935,0.5191489361702127,113,0.5,0.4951456310679611,0.4975609756097561,,,,364.1590589801781,10,2,10,1.0,1,8
disjointcycles,hard,10,0.5,100000,6,20,20,0.6545454545454545,0.8611111111111112,0.9113924050632912,0.6923076923076923,0.7868852459016393,39,0.8939393939393939,0.7023809523809523,0.7866666666666666,,,,483.250838321168,10,2,10,1.0,1,15
disjointcycles,hard,10,0.5,100000,7,20,20,0.9446064139941692,0.9761904761904764,0.9587628865979382,0.8773584905660378,0.916256157635468,17,0.9487179487179488,0.8604651162790697,0.902439024390244,,,,432.855458553182,10,2,10,1.0,1,11
disjointcycles,hard,10,0.5,100000,8,20,20,0.9446064139941692,0.9761904761904764,0.941747572815534,0.8818181818181818,0.9107981220657276,19,0.9294117647058824,0.8777777777777778,0.9028571428571428,,,,447.348284625914,10,2,10,1.0,1,11
disjointcycles,hard,10,0.5,100000,9,20,20,0.9446064139941692,0.962962962962963,0.9662921348314608,0.8431372549019608,0.900523560209424,19,0.9577464788732394,0.8292682926829268,0.8888888888888888,,,,451.5091048169416,10,2,10,1.0,1,11
disjointcycles,hard,10,0.5,50,0,50,50,0.0,0.0,1.0,0.0,0.0,690,1.0,0.0,0.0,,,,4.310995932901278,28,5,10,0.64,1,50
disjointcycles,hard,10,0.5,50,1,50,50,0.0,0.0,1.0,0.0,0.0,657,1.0,0.0,0.0,,,,2.9281986788846552,25,5,10,0.7,1,50
disjointcycles,hard,10,0.5,50,2,50,50,0.0,0.0,1.0,0.0,0.0,635,1.0,0.0,0.0,,,,4.046622344991192,27,5,10,0.66,1,50
disjointcycles,hard,10,0.5,50,3,50,50,0.0,0.0,1.0,0.0,0.0,658,1.0,0.0,0.0,,,,4.557152250083163,23,6,10,0.74,1,50
disjointcycles,hard,10,0.5,50,4,50,50,0.0,0.0,1.0,0.0,0.0,650,1.0,0.0,0.0,,,,3.143472940893844,28,6,10,0.64,1,50
disjointcycles,hard,10,0.5,50,5,50,50,0.0,0.0,1.0,0.0,0.0,674,1.0,0.0,0.0,,,,2.844147213967517,24,5,10,0.72,1,50
disjointcycles,hard,10,0.5,50,6,50,50,0.0,0.0,1.0,0.0,0.0,637,1.0,0.0,0.0,,,,3.928634308977053,23,7,10,0.74,1,50
disjointcycles,hard,10,0.5,50,7,50,50,0.0,0.0,1.0,0.0,0.0,656,1.0,0.0,0.0,,,,4.970932160969824,25,5,10,0.7,1,50
disjointcycles,hard,10,0.5,50,8,50,50,0.0,0.0,1.0,0.0,0.0,642,1.0,0.0,0.0,,,,2.737003003014252,20,6,10,0.8,1,50
disjointcycles,hard,10,0.5,50,9,50,50,0.0,0.0,1.0,0.0,0.0,652,1.0,0.0,0.0,,,,3.1530944178812206,29,4,10,0.62,1,50
disjointcycles,hard,10,0.5,100,0,50,50,0.0,0.0,1.0,0.0,0.0,690,1.0,0.0,0.0,,,,3.4110396469477564,28,5,10,0.64,1,50
disjointcycles,hard,10,0.5,100,1,50,50,0.0,0.0,1.0,0.0,0.0,657,1.0,0.0,0.0,,,,3.4357031208928674,25,5,10,0.7,1,50
disjointcycles,hard,10,0.5,100,2,50,50,0.0,0.0,1.0,0.0,0.0,635,1.0,0.0,0.0,,,,4.665079369908199,27,5,10,0.66,1,50
disjointcycles,hard,10,0.5,100,3,50,50,0.0,0.0,1.0,0.0,0.0,658,1.0,0.0,0.0,,,,3.018449290888384,23,6,10,0.74,1,50
disjointcycles,hard,10,0.5,100,4,50,50,0.0,0.0,1.0,0.0,0.0,650,1.0,0.0,0.0,,,,3.6082729070913047,28,6,10,0.64,1,50
disjointcycles,hard,10,0.5,100,5,50,50,0.0,0.0,1.0,0.0,0.0,674,1.0,0.0,0.0,,,,7.603056478081271,24,5,10,0.72,1,50
disjointcycles,hard,10,0.5,100,6,50,50,0.0,0.0,1.0,0.0,0.0,637,1.0,0.0,0.0,,,,4.035870529944077,23,7,10,0.74,1,50
disjointcycles,hard,10,0.5,100,7,50,50,0.0,0.0,1.0,0.0,0.0,656,1.0,0.0,0.0,,,,3.2756896121427417,25,5,10,0.7,1,50
disjointcycles,hard,10,0.5,100,8,50,50,0.0,0.0,1.0,0.0,0.0,642,1.0,0.0,0.0,,,,6.14785958500579,20,6,10,0.8,1,50
disjointcycles,hard,10,0.5,100,9,50,50,0.0,0.0,1.0,0.0,0.0,652,1.0,0.0,0.0,,,,4.27936615399085,29,4,10,0.62,1,50
disjointcycles,hard,10,0.5,500,0,50,50,0.0,0.0,1.0,0.0,0.0,690,1.0,0.0,0.0,,,,3.594660344067961,28,5,10,0.64,1,50
disjointcycles,hard,10,0.5,500,1,50,50,0.0,0.0,1.0,0.0,0.0,657,1.0,0.0,0.0,,,,6.338216027012095,25,5,10,0.7,1,50
disjointcycles,hard,10,0.5,500,2,50,50,0.0,0.0,1.0,0.0,0.0,635,1.0,0.0,0.0,,,,7.274078052956611,27,5,10,0.66,1,50
disjointcycles,hard,10,0.5,500,3,50,50,0.0,0.0,1.0,0.0,0.0,658,1.0,0.0,0.0,,,,6.100221201078966,23,6,10,0.74,1,50
disjointcycles,hard,10,0.5,500,4,50,50,0.0,0.0,1.0,0.0,0.0,650,1.0,0.0,0.0,,,,5.174525952897966,28,6,10,0.64,1,50
disjointcycles,hard,10,0.5,500,5,50,50,0.0,0.0,1.0,0.0,0.0,674,1.0,0.0,0.0,,,,5.982570716878399,24,5,10,0.72,1,50
disjointcycles,hard,10,0.5,500,6,50,50,0.0,0.0,1.0,0.0,0.0,637,1.0,0.0,0.0,,,,5.898520706919953,23,7,10,0.74,1,50
disjointcycles,hard,10,0.5,500,7,50,50,0.0,0.0,1.0,0.0,0.0,656,1.0,0.0,0.0,,,,5.239183134865016,25,5,10,0.7,1,50
disjointcycles,hard,10,0.5,500,8,50,50,0.0,0.0,1.0,0.0,0.0,642,1.0,0.0,0.0,,,,7.657836179016158,20,6,10,0.8,1,50
disjointcycles,hard,10,0.5,500,9,50,50,0.0,0.0,1.0,0.0,0.0,652,1.0,0.0,0.0,,,,5.923324597068131,29,4,10,0.62,1,50
disjointcycles,hard,10,0.5,1000,0,50,50,0.0,0.0,1.0,0.0,0.0,690,1.0,0.0,0.0,,,,8.125803760951385,28,5,10,0.64,1,50
disjointcycles,hard,10,0.5,1000,1,50,50,0.0,0.0,1.0,0.0,0.0,657,1.0,0.0,0.0,,,,17.234268290922046,25,5,10,0.7,1,50
disjointcycles,hard,10,0.5,1000,2,50,50,0.0,0.0,1.0,0.0,0.0,635,1.0,0.0,0.0,,,,14.53579048695974,27,5,10,0.66,1,50
disjointcycles,hard,10,0.5,1000,3,50,50,0.0,0.0,1.0,0.0,0.0,658,1.0,0.0,0.0,,,,16.079276089090854,23,6,10,0.74,1,50
disjointcycles,hard,10,0.5,1000,4,50,50,0.0,0.0,1.0,0.0,0.0,650,1.0,0.0,0.0,,,,15.253863777033985,28,6,10,0.64,1,50
disjointcycles,hard,10,0.5,1000,5,50,50,0.0,0.0,1.0,0.0,0.0,674,1.0,0.0,0.0,,,,11.387263061944395,24,5,10,0.72,1,50
disjointcycles,hard,10,0.5,1000,6,50,50,0.0,0.0,1.0,0.0,0.0,637,1.0,0.0,0.0,,,,13.40688298502937,23,7,10,0.74,1,50
disjointcycles,hard,10,0.5,1000,7,50,50,0.0,0.0,1.0,0.0,0.0,656,1.0,0.0,0.0,,,,12.951239170972258,25,5,10,0.7,1,50
disjointcycles,hard,10,0.5,1000,8,50,50,0.0,0.0,1.0,0.0,0.0,642,1.0,0.0,0.0,,,,14.860606450820342,20,6,10,0.8,1,50
disjointcycles,hard,10,0.5,1000,9,50,50,0.0,0.0,1.0,0.0,0.0,652,1.0,0.0,0.0,,,,14.4011009959504,29,4,10,0.62,1,50
disjointcycles,hard,10,0.5,5000,0,50,50,0.0117821887273113,0.2117647058823529,0.45,0.0521739130434782,0.0935064935064935,698,0.3972602739726027,0.045958795562599,0.0823863636363636,,,,128.544928726973,28,5,10,0.64,1,11
disjointcycles,hard,10,0.5,5000,1,50,50,0.053261325015131,0.1992337164750958,0.4583333333333333,0.0334855403348554,0.0624113475177304,661,0.3953488372093023,0.0289115646258503,0.0538827258320126,,,,291.5605172030628,25,5,10,0.7,1,36
disjointcycles,hard,10,0.5,5000,2,50,50,0.0216411181244364,0.3612565445026178,0.3047619047619048,0.1007874015748031,0.1514792899408284,717,0.2806122448979591,0.095320623916811,0.1423027166882276,,,,263.53192619001493,27,5,10,0.66,1,30
disjointcycles,hard,10,0.5,5000,3,50,50,0.0066915711591469,0.1811023622047244,0.3384615384615385,0.033434650455927,0.0608575380359612,679,0.3035714285714285,0.0291595197255574,0.0532081377151799,,,,194.6640103762038,23,6,10,0.74,1,13
disjointcycles,hard,10,0.5,5000,4,50,50,0.074945755322523,0.252199413489736,0.4545454545454545,0.0692307692307692,0.1201602136181575,659,0.4065934065934066,0.0625,0.1083455344070278,,,,194.2797245499678,28,6,10,0.64,1,24
disjointcycles,hard,10,0.5,5000,5,50,50,0.0248497873116488,0.318936877076412,0.5392156862745098,0.0816023738872403,0.1417525773195876,666,0.4891304347826087,0.075,0.130057803468208,,,,172.38413718598895,24,5,10,0.72,1,13
disjointcycles,hard,10,0.5,5000,6,50,50,0.0456556569799062,0.2686567164179104,0.4245283018867924,0.0706436420722135,0.1211305518169582,653,0.3877551020408163,0.0676156583629893,0.1151515151515151,,,,218.3538718749769,23,7,10,0.74,1,23
disjointcycles,hard,10,0.5,5000,7,50,50,0.0046695353540838,0.2466666666666667,0.4591836734693877,0.0685975609756097,0.1193633952254642,664,0.4431818181818182,0.0654362416107382,0.1140350877192982,,,,135.25359334610403,25,5,10,0.7,1,9
disjointcycles,hard,10,0.5,5000,8,50,50,0.0139384436844899,0.2211055276381909,0.4230769230769231,0.0342679127725856,0.063400576368876,650,0.4,0.0323741007194244,0.059900166389351,,,,173.25002598483115,20,6,10,0.8,1,13
disjointcycles,hard,10,0.5,5000,9,50,50,0.0145900655972445,0.2209302325581395,0.4285714285714285,0.0552147239263803,0.0978260869565217,664,0.4342105263157895,0.055,0.0976331360946745,,,,105.83023656206204,29,4,10,0.62,1,8
disjointcycles,hard,10,0.5,10000,0,50,50,0.0054294799528838,0.3106267029972752,0.5121951219512195,0.0913043478260869,0.1549815498154981,687,0.4774774774774775,0.0839936608557844,0.1428571428571428,,,,340.0247717399616,28,5,10,0.64,1,9
disjointcycles,hard,10,0.5,10000,1,50,50,0.0036135614836858,0.2086330935251798,0.4776119402985074,0.0487062404870624,0.0883977900552486,660,0.4833333333333333,0.0493197278911564,0.0895061728395061,,,,201.14160514902323,25,5,10,0.7,1,2
disjointcycles,hard,10,0.5,10000,2,50,50,0.012950498423788,0.360655737704918,0.5,0.1291338582677165,0.2052565707133917,635,0.4842767295597484,0.1334488734835355,0.2092391304347826,,,,415.3672406498808,27,5,10,0.66,1,5
disjointcycles,hard,10,0.5,10000,3,50,50,0.0039840637450199,0.2088353413654618,0.5441176470588235,0.0562310030395136,0.1019283746556473,652,0.4821428571428571,0.04631217838765,0.0845070422535211,,,,194.8373927141074,23,6,10,0.74,1,2
disjointcycles,hard,10,0.5,10000,4,50,50,0.0536857865863885,0.4764267990074441,0.5826086956521739,0.2061538461538461,0.3045454545454545,612,0.5648148148148148,0.206081081081081,0.3019801980198019,,,,388.9560848469846,28,6,10,0.64,1,10
disjointcycles,hard,10,0.5,10000,5,50,50,0.0121283602556405,0.4263322884012539,0.593939393939394,0.14540059347181,0.233611442193087,643,0.5503355704697986,0.1366666666666666,0.2189586114819759,,,,280.24053337215446,24,5,10,0.72,1,6
disjointcycles,hard,10,0.5,10000,6,50,50,0.0166870399484085,0.2723735408560311,0.4907975460122699,0.1255886970172684,0.1999999999999999,640,0.4666666666666667,0.1245551601423487,0.196629213483146,,,,396.5904852200765,23,7,10,0.74,1,4
disjointcycles,hard,10,0.5,10000,7,50,50,0.006745894737171,0.2913907284768212,0.5392156862745098,0.0838414634146341,0.1451187335092348,648,0.5280898876404494,0.0788590604026845,0.1372262773722627,,,,224.24179695709608,25,5,10,0.7,1,4
disjointcycles,hard,10,0.5,10000,8,50,50,0.0042046250875963,0.273170731707317,0.5633802816901409,0.0623052959501557,0.1122019635343618,633,0.5166666666666667,0.0557553956834532,0.1006493506493506,,,,178.2644335781224,20,6,10,0.8,1,5
disjointcycles,hard,10,0.5,10000,9,50,50,0.0015498064972885,0.1802325581395349,0.4285714285714285,0.0552147239263803,0.0978260869565217,664,0.4,0.05,0.0888888888888889,,,,208.68878598301671,29,4,10,0.62,1,3
disjointcycles,hard,10,0.5,50000,0,50,50,0.0100440000921467,0.404040404040404,0.5076142131979695,0.144927536231884,0.2254791431792559,687,0.4808743169398907,0.1394611727416798,0.2162162162162162,,,,2570.308949971106,28,5,10,0.64,1,6
disjointcycles,hard,10,0.5,50000,1,50,50,0.0036135614836858,0.2135231316725978,0.4430379746835443,0.0532724505327245,0.0951086956521739,666,0.4366197183098591,0.0527210884353741,0.094081942336874,,,,1301.4697576090691,25,5,10,0.7,1,2
disjointcycles,hard,10,0.5,50000,2,50,50,0.0167140825035561,0.3956639566395664,0.5260115606936416,0.1433070866141732,0.2252475247524752,626,0.5149700598802395,0.1490467937608318,0.2311827956989247,,,,1813.504727792926,27,5,10,0.66,1,6
disjointcycles,hard,10,0.5,50000,3,50,50,0.0026539502622229,0.2480620155038759,0.5180722891566265,0.0653495440729483,0.1160593792172739,655,0.4861111111111111,0.0600343053173241,0.1068702290076335,,,,1229.2271314959507,23,6,10,0.74,1,3
disjointcycles,hard,10,0.5,50000,4,50,50,0.0,0.1176470588235294,0.5,0.0384615384615384,0.0714285714285714,650,0.4358974358974359,0.0287162162162162,0.0538827258320126,,,,654.9847358008847,28,6,10,0.64,1,1
disjointcycles,hard,10,0.5,50000,5,50,50,0.0115070218843375,0.3754045307443366,0.5673758865248227,0.1186943620178041,0.1963190184049079,655,0.5390625,0.115,0.1895604395604395,,,,1105.2769780920353,24,5,10,0.72,1,4
disjointcycles,hard,10,0.5,50000,6,50,50,0.0010097414351479,0.2766798418972332,0.4724409448818897,0.0941915227629513,0.1570680628272251,644,0.4434782608695652,0.090747330960854,0.1506646971935007,,,,1619.6053801558446,23,7,10,0.74,1,2
disjointcycles,hard,10,0.5,50000,7,50,50,0.0068384504212344,0.3147540983606557,0.5416666666666666,0.0990853658536585,0.1675257731958763,646,0.5046728971962616,0.0906040268456375,0.1536273115220483,,,,1153.9752470930107,25,5,10,0.7,1,3
disjointcycles,hard,10,0.5,50000,8,50,50,0.0046586633219853,0.2549019607843137,0.5384615384615384,0.0654205607476635,0.1166666666666666,636,0.46875,0.0539568345323741,0.0967741935483871,,,,1132.0393659090623,20,6,10,0.8,1,2
disjointcycles,hard,10,0.5,50000,9,50,50,-0.0002721829069134,0.2034883720930232,0.4767441860465116,0.062883435582822,0.1111111111111111,656,0.4683544303797468,0.0616666666666666,0.1089837997054491,,,,1224.4647620590404,29,4,10,0.62,1,3
disjointcycles,hard,10,0.5,100000,0,50,50,0.0100440000921467,0.42,0.4846938775510204,0.1376811594202898,0.2144469525959368,696,0.4644808743169399,0.1347068145800317,0.2088452088452088,,,,5411.0309581491165,28,5,10,0.64,1,6
disjointcycles,hard,10,0.5,100000,1,50,50,0.0036135614836858,0.2158273381294964,0.4675324675324675,0.0547945205479452,0.0980926430517711,662,0.463768115942029,0.0544217687074829,0.0974124809741248,,,,2478.2948448180687,25,5,10,0.7,1,2
disjointcycles,hard,10,0.5,100000,2,50,50,0.012950498423788,0.3935309973045822,0.5187165775401069,0.152755905511811,0.2360097323600973,628,0.5082872928176796,0.1594454072790294,0.2427440633245382,,,,2206.367598389974,27,5,10,0.66,1,5
disjointcycles,hard,10,0.5,100000,3,50,50,-0.0007219637413765,0.2277580071174377,0.3467741935483871,0.0653495440729483,0.1099744245524296,696,0.2909090909090909,0.0548885077186964,0.0923520923520923,,,,2790.582011519,23,6,10,0.74,1,4
disjointcycles,hard,10,0.5,100000,4,50,50,0.0,0.1172638436482084,0.52,0.04,0.0742857142857142,648,0.425,0.0287162162162162,0.0537974683544303,,,,1551.4213095821906,28,6,10,0.64,1,1
disjointcycles,hard,10,0.5,100000,5,50,50,0.0115070218843375,0.3833865814696486,0.5657894736842105,0.1275964391691394,0.2082324455205811,654,0.539568345323741,0.125,0.2029769959404601,,,,2773.041495436104,24,5,10,0.72,1,4
disjointcycles,hard,10,0.5,100000,6,50,50,0.0010097414351479,0.2801556420233463,0.4598540145985401,0.0989010989010989,0.1627906976744186,648,0.44,0.097864768683274,0.1601164483260553,,,,2867.0003735551145,23,7,10,0.74,1,2
disjointcycles,hard,10,0.5,100000,7,50,50,0.0068384504212344,0.3137254901960784,0.5416666666666666,0.0990853658536585,0.1675257731958763,646,0.5046728971962616,0.0906040268456375,0.1536273115220483,,,,2073.6662737468723,25,5,10,0.7,1,3
disjointcycles,hard,10,0.5,100000,8,50,50,0.0046586633219853,0.2427184466019417,0.5769230769230769,0.0700934579439252,0.125,630,0.5151515151515151,0.0611510791366906,0.1093247588424437,,,,2592.740506313974,20,6,10,0.8,1,2
disjointcycles,hard,10,0.5,100000,9,50,50,0.0025199496010079,0.1896551724137931,0.449438202247191,0.0613496932515337,0.1079622132253711,661,0.4216867469879518,0.0583333333333333,0.1024890190336749,,,,2446.2513263979927,29,4,10,0.62,1,2
disjointcycles,hard,10,0.5,100,0,100,100,0.0,0.0,1.0,0.0,0.0,2626,1.0,0.0,0.0,,,,23.53624582896009,51,9,10,0.59,1,100
disjointcycles,hard,10,0.5,100,1,100,100,0.0,0.0,1.0,0.0,0.0,2550,1.0,0.0,0.0,,,,21.070836819009852,51,9,10,0.59,1,100
disjointcycles,hard,10,0.5,100,2,100,100,0.0,0.0,1.0,0.0,0.0,2598,1.0,0.0,0.0,,,,25.658205652842295,51,7,10,0.59,1,100
disjointcycles,hard,10,0.5,100,3,100,100,0.0,0.0,1.0,0.0,0.0,2587,1.0,0.0,0.0,,,,24.589782488066703,50,10,10,0.6,1,100
disjointcycles,hard,10,0.5,100,4,100,100,0.0,0.0,1.0,0.0,0.0,2603,1.0,0.0,0.0,,,,24.573500542901456,48,10,10,0.62,1,100
disjointcycles,hard,10,0.5,100,5,100,100,0.0,0.0,1.0,0.0,0.0,2625,1.0,0.0,0.0,,,,22.83590175909921,48,11,10,0.62,1,100
disjointcycles,hard,10,0.5,100,6,100,100,0.0,0.0,1.0,0.0,0.0,2587,1.0,0.0,0.0,,,,22.927382200025026,50,12,10,0.6,1,100
disjointcycles,hard,10,0.5,100,7,100,100,0.0,0.0,1.0,0.0,0.0,2600,1.0,0.0,0.0,,,,28.549931457964703,50,9,10,0.6,1,100
disjointcycles,hard,10,0.5,100,8,100,100,0.0,0.0,1.0,0.0,0.0,2574,1.0,0.0,0.0,,,,26.651535756886005,44,10,10,0.66,1,100
disjointcycles,hard,10,0.5,100,9,100,100,0.0,0.0,1.0,0.0,0.0,2557,1.0,0.0,0.0,,,,23.024497371166945,57,9,10,0.53,1,100
disjointcycles,hard,10,0.5,500,0,100,100,0.0,0.0,1.0,0.0,0.0,2626,1.0,0.0,0.0,,,,50.53899384406395,51,9,10,0.59,1,100
disjointcycles,hard,10,0.5,500,1,100,100,0.0,0.0,1.0,0.0,0.0,2550,1.0,0.0,0.0,,,,37.49122608103789,51,9,10,0.59,1,100
disjointcycles,hard,10,0.5,500,2,100,100,0.0,0.0,1.0,0.0,0.0,2598,1.0,0.0,0.0,,,,42.43404914904386,51,7,10,0.59,1,100
disjointcycles,hard,10,0.5,500,3,100,100,0.0,0.0,1.0,0.0,0.0,2587,1.0,0.0,0.0,,,,47.3007368829567,50,10,10,0.6,1,100
disjointcycles,hard,10,0.5,500,4,100,100,0.0,0.0,1.0,0.0,0.0,2603,1.0,0.0,0.0,,,,38.15739983203821,48,10,10,0.62,1,100
disjointcycles,hard,10,0.5,500,5,100,100,0.0,0.0,1.0,0.0,0.0,2625,1.0,0.0,0.0,,,,41.71935053891502,48,11,10,0.62,1,100
disjointcycles,hard,10,0.5,500,6,100,100,0.0,0.0,1.0,0.0,0.0,2587,1.0,0.0,0.0,,,,49.31064319214784,50,12,10,0.6,1,100
disjointcycles,hard,10,0.5,500,7,100,100,0.0,0.0,1.0,0.0,0.0,2600,1.0,0.0,0.0,,,,40.37572775199078,50,9,10,0.6,1,100
disjointcycles,hard,10,0.5,500,8,100,100,0.0,0.0,1.0,0.0,0.0,2574,1.0,0.0,0.0,,,,41.797355270944536,44,10,10,0.66,1,100
disjointcycles,hard,10,0.5,500,9,100,100,0.0,0.0,1.0,0.0,0.0,2557,1.0,0.0,0.0,,,,43.4618034530431,57,9,10,0.53,1,100
disjointcycles,hard,10,0.5,1000,0,100,100,0.0,0.0,1.0,0.0,0.0,2626,1.0,0.0,0.0,,,,57.77412716415711,51,9,10,0.59,1,100
disjointcycles,hard,10,0.5,1000,1,100,100,0.0,0.0,1.0,0.0,0.0,2550,1.0,0.0,0.0,,,,115.66782448394224,51,9,10,0.59,1,100
disjointcycles,hard,10,0.5,1000,2,100,100,0.0,0.0,1.0,0.0,0.0,2598,1.0,0.0,0.0,,,,87.14856708608568,51,7,10,0.59,1,100
disjointcycles,hard,10,0.5,1000,3,100,100,0.0,0.0,1.0,0.0,0.0,2587,1.0,0.0,0.0,,,,85.1595691300463,50,10,10,0.6,1,100
disjointcycles,hard,10,0.5,1000,4,100,100,0.0,0.0,1.0,0.0,0.0,2603,1.0,0.0,0.0,,,,92.51956960000098,48,10,10,0.62,1,100
disjointcycles,hard,10,0.5,1000,5,100,100,0.0,0.0,1.0,0.0,0.0,2625,1.0,0.0,0.0,,,,87.77020315616392,48,11,10,0.62,1,100
disjointcycles,hard,10,0.5,1000,6,100,100,0.0,0.0,1.0,0.0,0.0,2587,1.0,0.0,0.0,,,,94.0909238671884,50,12,10,0.6,1,100
disjointcycles,hard,10,0.5,1000,7,100,100,0.0,0.0,1.0,0.0,0.0,2600,1.0,0.0,0.0,,,,92.91870079981165,50,9,10,0.6,1,100
disjointcycles,hard,10,0.5,1000,8,100,100,0.0,0.0,1.0,0.0,0.0,2574,1.0,0.0,0.0,,,,90.79349018097857,44,10,10,0.66,1,100
disjointcycles,hard,10,0.5,1000,9,100,100,0.0,0.0,1.0,0.0,0.0,2557,1.0,0.0,0.0,,,,60.8464318329934,57,9,10,0.53,1,100
disjointcycles,hard,10,0.5,5000,0,100,100,0.001729997054581,0.2222222222222222,0.4339622641509434,0.0437928408225437,0.0795572466274645,2661,0.4268292682926829,0.0432632880098887,0.0785634118967452,,,,879.4283839499112,51,9,10,0.59,1,12
disjointcycles,hard,10,0.5,5000,1,100,100,0.0,0.0232288037166085,0.7,0.0027450980392156,0.00546875,2546,0.7,0.0029698769622401,0.0059146599070553,,,,1661.519855825929,51,9,10,0.59,1,100
disjointcycles,hard,10,0.5,5000,2,100,100,0.0093131169416895,0.1661600810536981,0.4514285714285714,0.0304080061585835,0.0569780021637216,2615,0.43125,0.0285714285714285,0.0535922330097087,,,,1019.5777271359692,51,7,10,0.59,1,11
disjointcycles,hard,10,0.5,5000,3,100,100,0.0,0.0,1.0,0.0,0.0,2587,1.0,0.0,0.0,,,,733.8393583011348,50,10,10,0.6,1,100
disjointcycles,hard,10,0.5,5000,4,100,100,-0.0004019319985557,0.0181347150259067,0.5384615384615384,0.0026892047637341,0.0053516819571865,2602,0.5384615384615384,0.0029276453366792,0.0058236272878535,,,,1706.8136230730452,48,10,10,0.62,1,99
disjointcycles,hard,10,0.5,5000,5,100,100,0.0099036663026672,0.0100502512562814,0.3636363636363636,0.0045714285714285,0.0090293453724604,2634,0.2083333333333333,0.0020938023450586,0.0041459369817578,,,,2182.626970752841,48,11,10,0.62,1,98
disjointcycles,hard,10,0.5,5000,6,100,100,0.0,0.0024125452352231,0.0,0.0,0.0,2589,0.0,0.0,0.0,,,,1226.287620666204,50,12,10,0.6,1,100
disjointcycles,hard,10,0.5,5000,7,100,100,0.0,0.0024630541871921,0.0,0.0,0.0,2601,0.0,0.0,0.0,,,,1261.296798465075,50,9,10,0.6,1,100
disjointcycles,hard,10,0.5,5000,8,100,100,0.0188227458691446,0.0864553314121037,0.4873949579831932,0.0225330225330225,0.0430746379502413,2577,0.4672897196261682,0.0213583938487825,0.0408496732026143,,,,1607.8807236091234,44,10,10,0.66,1,98
disjointcycles,hard,10,0.5,5000,9,100,100,-0.0007960877971113,0.0077071290944123,0.4285714285714285,0.0011732499022291,0.0023400936037441,2558,0.4285714285714285,0.0012510425354462,0.0024948024948024,,,,1725.8368324108887,57,9,10,0.53,1,98
disjointcycles,hard,10,0.5,10000,0,100,100,0.0010481418119408,0.2184368737474949,0.5059288537549407,0.0487433358720487,0.0889197638068774,2623,0.4912280701754385,0.046147507210548,0.0843691148775894,,,,1242.0707284950186,51,9,10,0.59,1,5
disjointcycles,hard,10,0.5,10000,1,100,100,0.0106843072058037,0.2751131221719457,0.4899497487437186,0.0764705882352941,0.1322930800542741,2558,0.4817708333333333,0.0784896054306321,0.134987230937614,,,,1609.5009049929213,51,9,10,0.59,1,12
disjointcycles,hard,10,0.5,10000,2,100,100,0.0018300363955668,0.1814556331006979,0.4663461538461538,0.0373364126250962,0.0691375623663578,2612,0.4397905759162304,0.0347826086956521,0.0644666155026861,,,,1237.482723638881,51,7,10,0.59,1,5
disjointcycles,hard,10,0.5,10000,3,100,100,0.0034481074906379,0.1910569105691056,0.5316455696202531,0.0487050637804406,0.0892351274787535,2572,0.5113122171945701,0.047538914598233,0.0869899923017706,,,,2659.025665604975,50,10,10,0.6,1,9
disjointcycles,hard,10,0.5,10000,4,100,100,0.001083782105117,0.1638608305274972,0.4846938775510204,0.0364963503649635,0.0678813862093604,2609,0.4636871508379888,0.0347135089920535,0.0645914396887159,,,,2035.2354047521949,48,10,10,0.62,1,6
disjointcycles,hard,10,0.5,10000,5,100,100,0.0042287899388966,0.1417497231450719,0.4631578947368421,0.0335238095238095,0.0625222024866785,2639,0.4201183431952662,0.0297319932998324,0.0555338287055142,,,,2336.618380979868,48,11,10,0.62,1,6
disjointcycles,hard,10,0.5,10000,6,100,100,0.0032492512362969,0.1176470588235294,0.4339622641509434,0.0266718206416698,0.0502549162418062,2608,0.3582089552238806,0.0202020202020202,0.0382470119521912,,,,1351.792318464024,50,12,10,0.6,1,3
disjointcycles,hard,10,0.5,10000,7,100,100,0.0,0.0765765765765765,0.39,0.015,0.0288888888888888,2622,0.2987012987012987,0.0095554632322393,0.0185185185185185,,,,1409.424565624911,50,9,10,0.6,1,1
disjointcycles,hard,10,0.5,10000,8,100,100,0.0092000155884718,0.2773207990599294,0.4941860465116279,0.066045066045066,0.1165181631254284,2578,0.479876160990712,0.0662110209312259,0.1163663663663663,,,,3578.905500910012,44,10,10,0.66,1,6
disjointcycles,hard,10,0.5,10000,9,100,100,0.000865440354014,0.0938053097345132,0.4836065573770491,0.0230739147438404,0.0440462859275849,2561,0.4351851851851852,0.0195996663886572,0.037509976057462,,,,2386.4097184489947,57,9,10,0.53,1,5
disjointcycles,hard,10,0.5,50000,0,100,100,0.0022354079256398,0.1644670050761421,0.4848484848484848,0.0426504188880426,0.0784039201960098,2633,0.4597156398104265,0.0399670374948496,0.0735405610310841,,,,18444.023988053203,51,9,10,0.59,1,4
disjointcycles,hard,10,0.5,50000,1,100,100,0.0088103841561446,0.3166089965397923,0.4891518737672584,0.0972549019607843,0.1622505724566568,2561,0.4838056680161943,0.1014000848536274,0.1676604700105226,,,,15279.748752783984,51,9,10,0.59,1,7
disjointcycles,hard,10,0.5,50000,2,100,100,0.0026927837738061,0.1155462184873949,0.4666666666666667,0.0215550423402617,0.0412067696835908,2606,0.4038461538461538,0.017391304347826,0.0333465660976578,,,,7257.387835594825,51,7,10,0.59,1,4
disjointcycles,hard,10,0.5,50000,3,100,100,0.0063231917691334,0.2285714285714285,0.5032051282051282,0.06068805566293,0.1083132114522249,2585,0.4846416382252559,0.0597391670172486,0.1063670411985018,,,,14135.335085870933,50,10,10,0.6,1,5
disjointcycles,hard,10,0.5,50000,4,100,100,0.0030693275075175,0.1906873614190687,0.495575221238938,0.0430272762197464,0.0791799222340049,2605,0.4656862745098039,0.0397323295692179,0.0732177263969171,,,,17103.285374781815,48,10,10,0.62,1,3
disjointcycles,hard,10,0.5,50000,5,100,100,0.0032132086725335,0.1630434782608695,0.4587155963302752,0.0380952380952381,0.0703482237073514,2643,0.4393939393939394,0.0364321608040201,0.0672853828306264,,,,18364.18991081417,48,11,10,0.62,1,3
disjointcycles,hard,10,0.5,50000,6,100,100,0.0032492512362969,0.1560574948665297,0.4434389140271493,0.037881716273676,0.0698005698005698,2612,0.404040404040404,0.0336700336700336,0.0621600621600621,,,,13993.36425543204,50,12,10,0.6,1,3
disjointcycles,hard,10,0.5,50000,7,100,100,0.0,0.0899887514060742,0.39,0.015,0.0288888888888888,2622,0.379746835443038,0.0124636476942251,0.0241351568785197,,,,8684.037217271049,50,9,10,0.6,1,1
disjointcycles,hard,10,0.5,50000,8,100,100,0.0092000155884718,0.3115124153498871,0.5159817351598174,0.0878010878010878,0.150066401062417,2560,0.5,0.0892780862879111,0.1515041681768756,,,,26737.648964216933,44,10,10,0.66,1,6
disjointcycles,hard,10,0.5,50000,9,100,100,0.0021628268256399,0.1044386422976501,0.475,0.0297223308564724,0.0559440559440559,2565,0.4452054794520548,0.0271059216013344,0.0511006289308176,,,,10683.675485049142,57,9,10,0.53,1,3
disjointcycles,hard,10,0.5,100000,0,100,100,0.0022354079256398,0.1646586345381526,0.4588235294117647,0.0445544554455445,0.0812217979868101,2647,0.4425531914893617,0.0428512566955088,0.078136739293764,,,,10099.382416547043,51,9,10,0.59,1,4
disjointcycles,hard,10,0.5,100000,1,100,100,0.0088103841561446,0.3241379310344828,0.4870848708487085,0.1035294117647058,0.1707632600258732,2564,0.4829545454545454,0.1081883750530335,0.1767764298093587,,,,14563.646825934062,51,9,10,0.59,1,7
disjointcycles,hard,10,0.5,100000,2,100,100,0.0013009872197137,0.1103017689906347,0.4032258064516129,0.0192455735180908,0.0367376928728875,2622,0.3571428571428571,0.0165631469979296,0.0316580925999208,,,,21875.15498922812,51,7,10,0.59,1,2
disjointcycles,hard,10,0.5,100000,3,100,100,0.0063231917691334,0.2252427184466019,0.4791666666666667,0.0622342481638964,0.1101607937050975,2601,0.4605678233438486,0.0614219604543542,0.1083890126206384,,,,28195.95107964985,50,10,10,0.6,1,5
disjointcycles,hard,10,0.5,100000,4,100,100,0.0030693275075175,0.1934065934065933,0.4788135593220339,0.0434114483288513,0.0796054948925678,2613,0.4583333333333333,0.041405269761606,0.0759493670886076,,,,28648.935206158087,48,10,10,0.62,1,3
disjointcycles,hard,10,0.5,100000,5,100,100,0.0032132086725335,0.1655913978494623,0.4644351464435146,0.0422857142857142,0.0775139664804469,2642,0.4311926605504587,0.0393634840871021,0.0721412125863392,,,,26432.70691687288,48,11,10,0.62,1,3
disjointcycles,hard,10,0.5,100000,6,100,100,0.0032492512362969,0.1481481481481481,0.4291845493562232,0.0386548125241592,0.0709219858156028,2620,0.3971291866028708,0.0349326599326599,0.0642166344294003,,,,25663.32608300913,50,12,10,0.6,1,3
disjointcycles,hard,10,0.5,100000,7,100,100,0.0,0.0809898762654668,0.4,0.0153846153846153,0.0296296296296296,2620,0.3375,0.0112172829248026,0.0217129071170084,,,,18569.71760208998,50,9,10,0.6,1,1
disjointcycles,hard,10,0.5,100000,8,100,100,0.0097849276580599,0.3111612175873732,0.4932735426008968,0.0854700854700854,0.1456953642384106,2580,0.48711943793911,0.0888509184109355,0.1502890173410404,,,,34329.833865732886,44,10,10,0.66,1,7
disjointcycles,hard,10,0.5,100000,9,100,100,0.0010655301012253,0.1223083548664943,0.4606741573033708,0.0320688306609307,0.059963436928702,2571,0.4491017964071856,0.0312760633861551,0.0584795321637426,,,,19062.25239144708,57,9,10,0.53,1,2
