method,regime,num_cycles,density,samp_size,seed,d,num_nodes,threshold,ari_scc,fscore,var_precision,var_recall,var_fscore,var_shd,inter_scc_precision,inter_scc_recall,inter_scc_fscore,chosen_threshold,chosen_beta,bic_score,runtime_sec,num_sccs,max_scc_size,num_nontrivial,frac_nontrivial,has_cycles,num_parts_est
lacerda,hard,4,0.5,500,0,10,10,0.001,0.0,0.6666666666666666,0.3146067415730337,0.9655172413793104,0.4745762711864407,62,0.2307692307692307,1.0,0.375,,,,0.6019489879254252,5,3,4,0.9,1,1
lacerda,hard,4,0.5,500,0,10,10,0.005,0.0,0.6666666666666666,0.3146067415730337,0.9655172413793104,0.4745762711864407,62,0.2307692307692307,1.0,0.375,,,,0.6036192870233208,5,3,4,0.9,1,1
lacerda,hard,4,0.5,500,0,10,10,0.01,0.0,0.6666666666666666,0.3146067415730337,0.9655172413793104,0.4745762711864407,62,0.2307692307692307,1.0,0.375,,,,0.6018296198453754,5,3,4,0.9,1,1
lacerda,hard,4,0.5,500,0,10,10,0.05,0.0,0.6896551724137931,0.3717948717948718,1.0,0.5420560747663552,49,0.2686567164179104,1.0,0.4235294117647059,,,,0.6138469649013132,5,3,4,0.9,1,1
lacerda,hard,4,0.5,500,0,10,10,0.1,0.0,0.6896551724137931,0.5,0.9655172413793104,0.6588235294117647,29,0.3777777777777777,0.9444444444444444,0.5396825396825397,,,,0.4579960280098021,5,3,4,0.9,1,1
lacerda,hard,4,0.5,500,0,10,10,0.2,0.1564792176039119,0.9090909090909092,0.935483870967742,1.0,0.9666666666666666,2,0.9,1.0,0.9473684210526316,,,,0.3859185460023582,5,3,4,0.9,1,2
lacerda,hard,4,0.5,500,0,10,10,0.3,0.7761194029850746,1.0,1.0,0.9655172413793104,0.9824561403508772,1,1.0,1.0,1.0,,,,0.4001964188646525,5,3,4,0.9,1,6
lacerda,hard,4,0.5,500,0,10,10,0.5,0.7761194029850746,1.0,1.0,0.896551724137931,0.9454545454545454,3,1.0,1.0,1.0,,,,0.4766856848727911,5,3,4,0.9,1,6
lacerda,hard,4,0.5,500,0,10,10,0.7,0.6341463414634146,0.8235294117647058,1.0,0.6206896551724138,0.7659574468085107,11,1.0,0.6111111111111112,0.7586206896551725,,,,0.4699984309263527,5,3,4,0.9,1,7
lacerda,hard,4,0.5,500,0,10,10,1.0,0.0,0.1818181818181818,1.0,0.0344827586206896,0.0666666666666666,28,1.0,0.0555555555555555,0.1052631578947368,,,,0.445586133049801,5,3,4,0.9,1,10
lacerda,hard,4,0.5,500,1,10,10,0.001,0.0,0.5,0.2666666666666666,1.0,0.4210526315789474,66,0.1951219512195122,1.0,0.326530612244898,,,,0.6010365840047598,6,2,4,0.8,1,1
lacerda,hard,4,0.5,500,1,10,10,0.005,0.0,0.5,0.2696629213483146,1.0,0.4247787610619469,65,0.1975308641975308,1.0,0.3298969072164948,,,,0.6006585180293769,6,2,4,0.8,1,1
lacerda,hard,4,0.5,500,1,10,10,0.01,0.0,0.5,0.2705882352941176,0.9583333333333334,0.4220183486238531,63,0.1948051948051948,0.9375,0.3225806451612903,,,,0.6000112441834062,6,2,4,0.8,1,1
lacerda,hard,4,0.5,500,1,10,10,0.05,0.0,0.5405405405405406,0.3380281690140845,1.0,0.5052631578947369,47,0.2539682539682539,1.0,0.4050632911392405,,,,0.6134104039520025,6,2,4,0.8,1,1
lacerda,hard,4,0.5,500,1,10,10,0.1,0.0476190476190476,0.7692307692307693,0.6857142857142857,1.0,0.8135593220338984,11,0.5925925925925926,1.0,0.7441860465116279,,,,0.4051379340235144,6,2,4,0.8,1,2
lacerda,hard,4,0.5,500,1,10,10,0.2,1.0,1.0,0.96,1.0,0.979591836734694,1,0.9411764705882352,1.0,0.9696969696969696,,,,0.4086496508680284,6,2,4,0.8,1,6
lacerda,hard,4,0.5,500,1,10,10,0.3,1.0,1.0,1.0,1.0,1.0,0,1.0,1.0,1.0,,,,0.3897374151274562,6,2,4,0.8,1,6
lacerda,hard,4,0.5,500,1,10,10,0.5,1.0,0.9473684210526316,1.0,0.9583333333333334,0.9787234042553192,1,1.0,0.9375,0.967741935483871,,,,0.4039532961323857,6,2,4,0.8,1,6
lacerda,hard,4,0.5,500,1,10,10,0.7,0.3778801843317972,0.888888888888889,1.0,0.5833333333333334,0.7368421052631579,10,1.0,0.5625,0.72,,,,0.4083869019523263,6,2,4,0.8,1,9
lacerda,hard,4,0.5,500,1,10,10,1.0,0.0,0.0,1.0,0.0,0.0,24,1.0,0.0,0.0,,,,0.3668051320128143,6,2,4,0.8,1,10
lacerda,hard,4,0.5,500,2,10,10,0.001,0.0,0.6206896551724138,0.3555555555555555,1.0,0.5245901639344263,58,0.282051282051282,1.0,0.44,,,,0.5975395450368524,5,3,4,0.9,1,1
lacerda,hard,4,0.5,500,2,10,10,0.005,0.0,0.6206896551724138,0.3555555555555555,1.0,0.5245901639344263,58,0.282051282051282,1.0,0.44,,,,0.619443598901853,5,3,4,0.9,1,1
lacerda,hard,4,0.5,500,2,10,10,0.01,0.0,0.6206896551724138,0.3555555555555555,1.0,0.5245901639344263,58,0.282051282051282,1.0,0.44,,,,0.6153687778860331,5,3,4,0.9,1,1
lacerda,hard,4,0.5,500,2,10,10,0.05,0.0,0.6206896551724138,0.3604651162790697,0.96875,0.5254237288135593,56,0.2837837837837837,0.9545454545454546,0.4374999999999999,,,,0.6113261978607625,5,3,4,0.9,1,1
lacerda,hard,4,0.5,500,2,10,10,0.1,0.0,0.6923076923076924,0.4492753623188406,0.96875,0.6138613861386139,39,0.3559322033898305,0.9545454545454546,0.5185185185185185,,,,0.4937007518019527,5,3,4,0.9,1,1
lacerda,hard,4,0.5,500,2,10,10,0.2,0.2771084337349397,0.9,0.8648648648648649,1.0,0.927536231884058,5,0.8148148148148148,1.0,0.8979591836734693,,,,0.397316861897707,5,3,4,0.9,1,3
lacerda,hard,4,0.5,500,2,10,10,0.3,1.0,1.0,1.0,1.0,1.0,0,1.0,1.0,1.0,,,,0.4150457561481744,5,3,4,0.9,1,5
lacerda,hard,4,0.5,500,2,10,10,0.5,0.7761194029850746,1.0,1.0,0.90625,0.9508196721311476,3,1.0,0.9090909090909092,0.9523809523809524,,,,0.4002378839068115,5,3,4,0.9,1,6
lacerda,hard,4,0.5,500,2,10,10,0.7,0.6341463414634146,0.8750000000000001,1.0,0.625,0.7692307692307693,12,1.0,0.5909090909090909,0.7428571428571429,,,,0.3985656788572669,5,3,4,0.9,1,7
lacerda,hard,4,0.5,500,2,10,10,1.0,0.0,0.1999999999999999,1.0,0.0625,0.1176470588235294,30,1.0,0.0454545454545454,0.0869565217391304,,,,0.3967944569885731,5,3,4,0.9,1,10
lacerda,hard,4,0.5,500,3,10,10,0.001,0.0,0.5185185185185185,0.3111111111111111,1.0,0.4745762711864407,62,0.2307692307692307,1.0,0.375,,,,0.608142850920558,5,3,4,0.9,1,1
lacerda,hard,4,0.5,500,3,10,10,0.005,0.0,0.5185185185185185,0.3111111111111111,1.0,0.4745762711864407,62,0.2307692307692307,1.0,0.375,,,,0.6248215020168573,5,3,4,0.9,1,1
lacerda,hard,4,0.5,500,3,10,10,0.01,0.0,0.5185185185185185,0.3111111111111111,1.0,0.4745762711864407,62,0.2307692307692307,1.0,0.375,,,,0.6137501038610935,5,3,4,0.9,1,1
lacerda,hard,4,0.5,500,3,10,10,0.05,0.0,0.5185185185185185,0.3333333333333333,0.8928571428571429,0.4854368932038834,53,0.25,0.8888888888888888,0.3902439024390244,,,,0.6192403191234916,5,3,4,0.9,1,1
lacerda,hard,4,0.5,500,3,10,10,0.1,0.0,0.5384615384615384,0.3934426229508196,0.8571428571428571,0.5393258426966292,41,0.3,0.8333333333333334,0.4411764705882353,,,,0.4135757079347968,5,3,4,0.9,1,1
lacerda,hard,4,0.5,500,3,10,10,0.2,1.0,1.0,0.9655172413793104,1.0,0.9824561403508772,1,0.9473684210526316,1.0,0.972972972972973,,,,0.4038070328533649,5,3,4,0.9,1,5
lacerda,hard,4,0.5,500,3,10,10,0.3,1.0,1.0,1.0,1.0,1.0,0,1.0,1.0,1.0,,,,0.402260686038062,5,3,4,0.9,1,5
lacerda,hard,4,0.5,500,3,10,10,0.5,1.0,1.0,1.0,1.0,1.0,0,1.0,1.0,1.0,,,,0.3650855279993266,5,3,4,0.9,1,5
lacerda,hard,4,0.5,500,3,10,10,0.7,0.2574257425742574,1.0,1.0,0.6071428571428571,0.7555555555555554,11,1.0,0.6666666666666666,0.8,,,,0.4141722340136766,5,3,4,0.9,1,9
lacerda,hard,4,0.5,500,3,10,10,1.0,0.0,0.4444444444444445,1.0,0.1071428571428571,0.1935483870967741,25,1.0,0.1111111111111111,0.1999999999999999,,,,0.4251797480974346,5,3,4,0.9,1,10
lacerda,hard,4,0.5,500,4,10,10,0.001,0.0,0.6046511627906976,0.3,1.0,0.4615384615384615,63,0.2317073170731707,1.0,0.3762376237623762,,,,0.6048822849988937,6,2,4,0.8,1,1
lacerda,hard,4,0.5,500,4,10,10,0.005,0.0,0.6046511627906976,0.3,1.0,0.4615384615384615,63,0.2317073170731707,1.0,0.3762376237623762,,,,0.6070566019043326,6,2,4,0.8,1,1
lacerda,hard,4,0.5,500,4,10,10,0.01,0.0,0.6046511627906976,0.3,1.0,0.4615384615384615,63,0.2317073170731707,1.0,0.3762376237623762,,,,0.604491304140538,6,2,4,0.8,1,1
lacerda,hard,4,0.5,500,4,10,10,0.05,0.0,0.6046511627906976,0.2857142857142857,0.8148148148148148,0.4230769230769231,60,0.2142857142857142,0.7894736842105263,0.3370786516853932,,,,0.611042938195169,6,2,4,0.8,1,1
lacerda,hard,4,0.5,500,4,10,10,0.1,0.0,0.6666666666666667,0.3518518518518518,0.7037037037037037,0.4691358024691358,43,0.2553191489361702,0.631578947368421,0.3636363636363636,,,,0.4112214059568941,6,2,4,0.8,1,1
lacerda,hard,4,0.5,500,4,10,10,0.2,1.0,1.0,0.9642857142857144,1.0,0.9818181818181818,1,0.95,1.0,0.9743589743589745,,,,0.3967302909586578,6,2,4,0.8,1,6
lacerda,hard,4,0.5,500,4,10,10,0.3,1.0,1.0,1.0,1.0,1.0,0,1.0,1.0,1.0,,,,0.3986431830562651,6,2,4,0.8,1,6
lacerda,hard,4,0.5,500,4,10,10,0.5,1.0,1.0,1.0,0.925925925925926,0.9615384615384616,2,1.0,0.8947368421052632,0.9444444444444444,,,,0.3925366748590022,6,2,4,0.8,1,6
lacerda,hard,4,0.5,500,4,10,10,0.7,1.0,0.7000000000000001,1.0,0.6666666666666666,0.8,9,1.0,0.5263157894736842,0.6896551724137931,,,,0.4186782471369952,6,2,4,0.8,1,6
lacerda,hard,4,0.5,500,4,10,10,1.0,0.0,0.1428571428571428,0.5,0.037037037037037,0.0689655172413793,27,0.0,0.0,0.0,,,,0.423918774118647,6,2,4,0.8,1,10
lacerda,hard,4,0.5,500,5,10,10,0.001,0.0,0.6363636363636364,0.3707865168539326,1.0,0.5409836065573771,56,0.3086419753086419,1.0,0.4716981132075471,,,,0.6064523258246481,6,2,4,0.8,1,1
lacerda,hard,4,0.5,500,5,10,10,0.005,0.0,0.6363636363636364,0.3707865168539326,1.0,0.5409836065573771,56,0.3086419753086419,1.0,0.4716981132075471,,,,0.615989597979933,6,2,4,0.8,1,1
lacerda,hard,4,0.5,500,5,10,10,0.01,0.0,0.6363636363636364,0.3793103448275862,1.0,0.5499999999999999,54,0.3164556962025316,1.0,0.4807692307692308,,,,0.617292984155938,6,2,4,0.8,1,1
lacerda,hard,4,0.5,500,5,10,10,0.05,0.0,0.6363636363636364,0.4,0.9696969696969696,0.5663716814159293,49,0.3424657534246575,1.0,0.5102040816326531,,,,0.6083938849624246,6,2,4,0.8,1,1
lacerda,hard,4,0.5,500,5,10,10,0.1,0.0,0.6829268292682926,0.4761904761904761,0.9090909090909092,0.6249999999999999,36,0.4,0.88,0.55,,,,0.4209555531851947,6,2,4,0.8,1,1
lacerda,hard,4,0.5,500,5,10,10,0.2,0.276885043263288,0.9333333333333332,0.7222222222222222,0.7878787878787878,0.7536231884057971,17,0.6428571428571429,0.72,0.6792452830188679,,,,0.4087913320399821,6,2,4,0.8,1,3
lacerda,hard,4,0.5,500,5,10,10,0.3,1.0,1.0,1.0,1.0,1.0,0,1.0,1.0,1.0,,,,0.4019949659705162,6,2,4,0.8,1,6
lacerda,hard,4,0.5,500,5,10,10,0.5,1.0,1.0,1.0,0.9393939393939394,0.96875,2,1.0,0.92,0.9583333333333334,,,,0.3857772038318217,6,2,4,0.8,1,6
lacerda,hard,4,0.5,500,5,10,10,0.7,0.6456692913385826,0.923076923076923,1.0,0.7272727272727273,0.8421052631578948,9,1.0,0.76,0.8636363636363636,,,,0.4267886311281472,6,2,4,0.8,1,8
lacerda,hard,4,0.5,500,5,10,10,1.0,0.0,0.0,1.0,0.0303030303030303,0.0588235294117647,32,1.0,0.0,0.0,,,,0.4322746451944113,6,2,4,0.8,1,10
lacerda,hard,4,0.5,500,6,10,10,0.001,0.0,0.6206896551724138,0.2888888888888888,1.0,0.4482758620689655,64,0.2051282051282051,1.0,0.3404255319148936,,,,0.614387096837163,5,3,4,0.9,1,1
lacerda,hard,4,0.5,500,6,10,10,0.005,0.0,0.6206896551724138,0.2888888888888888,1.0,0.4482758620689655,64,0.2051282051282051,1.0,0.3404255319148936,,,,0.603664088062942,5,3,4,0.9,1,1
lacerda,hard,4,0.5,500,6,10,10,0.01,0.0,0.6206896551724138,0.2921348314606741,1.0,0.4521739130434782,63,0.2077922077922078,1.0,0.3440860215053763,,,,0.6163218058645725,5,3,4,0.9,1,1
lacerda,hard,4,0.5,500,6,10,10,0.05,0.0,0.6428571428571429,0.3714285714285714,1.0,0.5416666666666666,44,0.2758620689655172,1.0,0.4324324324324324,,,,0.6230304990895092,5,3,4,0.9,1,1
lacerda,hard,4,0.5,500,6,10,10,0.1,0.0,0.7499999999999999,0.6046511627906976,1.0,0.7536231884057971,17,0.4848484848484848,1.0,0.653061224489796,,,,0.4470686831045896,5,3,4,0.9,1,1
lacerda,hard,4,0.5,500,6,10,10,0.2,0.7619047619047619,0.9473684210526316,0.896551724137931,1.0,0.9454545454545454,3,0.8421052631578947,1.0,0.9142857142857144,,,,0.3987297068815678,5,3,4,0.9,1,4
lacerda,hard,4,0.5,500,6,10,10,0.3,1.0,1.0,1.0,1.0,1.0,0,1.0,1.0,1.0,,,,0.4002274388913065,5,3,4,0.9,1,5
lacerda,hard,4,0.5,500,6,10,10,0.5,0.6341463414634146,1.0,1.0,0.8076923076923077,0.8936170212765957,5,1.0,0.875,0.9333333333333332,,,,0.423606030177325,5,3,4,0.9,1,7
lacerda,hard,4,0.5,500,6,10,10,0.7,0.2574257425742574,0.7142857142857143,1.0,0.4615384615384615,0.631578947368421,14,1.0,0.4375,0.6086956521739131,,,,0.4231375909876078,5,3,4,0.9,1,9
lacerda,hard,4,0.5,500,6,10,10,1.0,0.0,0.0,1.0,0.0769230769230769,0.1428571428571428,24,1.0,0.0,0.0,,,,0.4238601219840348,5,3,4,0.9,1,10
lacerda,hard,4,0.5,500,7,10,10,0.001,0.0,0.6046511627906976,0.3222222222222222,1.0,0.4873949579831933,61,0.2560975609756097,1.0,0.4077669902912621,,,,0.5956549430266023,6,2,4,0.8,1,1
lacerda,hard,4,0.5,500,7,10,10,0.005,0.0,0.6046511627906976,0.3222222222222222,1.0,0.4873949579831933,61,0.2560975609756097,1.0,0.4077669902912621,,,,0.6016080239787698,6,2,4,0.8,1,1
lacerda,hard,4,0.5,500,7,10,10,0.01,0.0,0.6046511627906976,0.3258426966292135,1.0,0.4915254237288135,60,0.2592592592592592,1.0,0.4117647058823529,,,,0.6126805699896067,6,2,4,0.8,1,1
lacerda,hard,4,0.5,500,7,10,10,0.05,0.0,0.6190476190476191,0.3766233766233766,1.0,0.5471698113207547,48,0.3043478260869565,1.0,0.4666666666666667,,,,0.6108902699779719,6,2,4,0.8,1,1
lacerda,hard,4,0.5,500,7,10,10,0.1,0.0,0.7027027027027027,0.6304347826086957,1.0,0.7733333333333333,17,0.5526315789473685,1.0,0.711864406779661,,,,0.4247036480810493,6,2,4,0.8,1,1
lacerda,hard,4,0.5,500,7,10,10,0.2,1.0,0.962962962962963,0.935483870967742,1.0,0.9666666666666666,2,0.9130434782608696,1.0,0.9545454545454544,,,,0.4010968930087983,6,2,4,0.8,1,6
lacerda,hard,4,0.5,500,7,10,10,0.3,1.0,1.0,1.0,1.0,1.0,0,1.0,1.0,1.0,,,,0.3891356200911104,6,2,4,0.8,1,6
lacerda,hard,4,0.5,500,7,10,10,0.5,1.0,1.0,1.0,1.0,1.0,0,1.0,1.0,1.0,,,,0.3995340571273118,6,2,4,0.8,1,6
lacerda,hard,4,0.5,500,7,10,10,0.7,0.0,0.8181818181818181,1.0,0.5172413793103449,0.6818181818181819,14,1.0,0.6190476190476191,0.7647058823529412,,,,0.4215361219830811,6,2,4,0.8,1,10
lacerda,hard,4,0.5,500,7,10,10,1.0,0.0,0.0,1.0,0.0,0.0,29,1.0,0.0,0.0,,,,0.4171813451685011,6,2,4,0.8,1,10
lacerda,hard,4,0.5,500,8,10,10,0.001,0.0,0.6666666666666666,0.4,1.0,0.5714285714285715,54,0.2972972972972973,1.0,0.4583333333333333,,,,0.6025578428525478,4,3,4,1.0,1,1
lacerda,hard,4,0.5,500,8,10,10,0.005,0.0,0.6666666666666666,0.3977272727272727,0.9722222222222222,0.5645161290322581,54,0.2916666666666667,0.9545454545454546,0.4468085106382979,,,,0.604179048910737,4,3,4,1.0,1,1
lacerda,hard,4,0.5,500,8,10,10,0.01,0.0,0.6666666666666666,0.4117647058823529,0.9722222222222222,0.5785123966942148,51,0.3043478260869565,0.9545454545454546,0.4615384615384615,,,,0.6123345561791211,4,3,4,1.0,1,1
lacerda,hard,4,0.5,500,8,10,10,0.05,0.0,0.6666666666666666,0.6,1.0,0.7499999999999999,24,0.4782608695652174,1.0,0.6470588235294118,,,,0.6154896127991378,4,3,4,1.0,1,1
lacerda,hard,4,0.5,500,8,10,10,0.1,0.0,0.8,0.72,1.0,0.8372093023255813,14,0.6111111111111112,1.0,0.7586206896551725,,,,0.4873366949614137,4,3,4,1.0,1,1
lacerda,hard,4,0.5,500,8,10,10,0.2,1.0,1.0,0.972972972972973,1.0,0.9863013698630138,1,0.9565217391304348,1.0,0.9777777777777776,,,,0.3969766430091113,4,3,4,1.0,1,4
lacerda,hard,4,0.5,500,8,10,10,0.3,1.0,1.0,1.0,1.0,1.0,0,1.0,1.0,1.0,,,,0.3988701498601585,4,3,4,1.0,1,4
lacerda,hard,4,0.5,500,8,10,10,0.5,1.0,1.0,1.0,1.0,1.0,0,1.0,1.0,1.0,,,,0.4149796860292554,4,3,4,1.0,1,4
lacerda,hard,4,0.5,500,8,10,10,0.7,0.0,1.0,1.0,0.3611111111111111,0.5306122448979591,23,1.0,0.4545454545454545,0.625,,,,0.444682486820966,4,3,4,1.0,1,10
lacerda,hard,4,0.5,500,8,10,10,1.0,0.0,0.0,1.0,0.0,0.0,36,1.0,0.0,0.0,,,,0.4242047870066017,4,3,4,1.0,1,10
lacerda,hard,4,0.5,500,9,10,10,0.001,0.0,0.5714285714285715,0.2808988764044944,1.0,0.4385964912280702,64,0.1818181818181818,1.0,0.3076923076923077,,,,0.5983890050556511,5,3,4,0.9,1,1
lacerda,hard,4,0.5,500,9,10,10,0.005,0.0,0.5714285714285715,0.2808988764044944,1.0,0.4385964912280702,64,0.1818181818181818,1.0,0.3076923076923077,,,,0.6294851428829134,5,3,4,0.9,1,1
lacerda,hard,4,0.5,500,9,10,10,0.01,0.0,0.5714285714285715,0.2808988764044944,1.0,0.4385964912280702,64,0.1818181818181818,1.0,0.3076923076923077,,,,0.59893743484281,5,3,4,0.9,1,1
lacerda,hard,4,0.5,500,9,10,10,0.05,0.0,0.5714285714285715,0.2987012987012987,0.92,0.4509803921568628,56,0.1969696969696969,0.9285714285714286,0.3249999999999999,,,,0.5954904181417078,5,3,4,0.9,1,1
lacerda,hard,4,0.5,500,9,10,10,0.1,0.1564792176039119,0.7272727272727273,0.5,0.92,0.647887323943662,25,0.3428571428571428,0.8571428571428571,0.4897959183673469,,,,0.3909703660756349,5,3,4,0.9,1,2
lacerda,hard,4,0.5,500,9,10,10,0.2,0.4043321299638989,0.888888888888889,0.8620689655172413,1.0,0.925925925925926,4,0.7777777777777778,1.0,0.8750000000000001,,,,0.4232207660097629,5,3,4,0.9,1,3
lacerda,hard,4,0.5,500,9,10,10,0.3,0.4043321299638989,0.888888888888889,0.7666666666666667,0.92,0.8363636363636363,9,0.6842105263157895,0.9285714285714286,0.7878787878787878,,,,0.4025603579357266,5,3,4,0.9,1,3
lacerda,hard,4,0.5,500,9,10,10,0.5,0.7761194029850746,1.0,1.0,0.88,0.9361702127659576,3,1.0,0.8571428571428571,0.923076923076923,,,,0.413835824932903,5,3,4,0.9,1,6
lacerda,hard,4,0.5,500,9,10,10,0.7,0.6341463414634146,0.8571428571428571,1.0,0.64,0.7804878048780487,9,1.0,0.5,0.6666666666666666,,,,0.3947298279963434,5,3,4,0.9,1,7
lacerda,hard,4,0.5,500,9,10,10,1.0,0.0,0.2222222222222222,1.0,0.04,0.0769230769230769,24,1.0,0.0714285714285714,0.1333333333333333,,,,0.3931321548298001,5,3,4,0.9,1,10
lacerda,hard,4,0.5,5000,0,10,10,0.001,0.0,0.6666666666666666,0.3222222222222222,1.0,0.4873949579831933,61,0.2307692307692307,1.0,0.375,,,,0.6201252150349319,5,3,4,0.9,1,1
lacerda,hard,4,0.5,5000,0,10,10,0.005,0.0,0.6666666666666666,0.3222222222222222,1.0,0.4873949579831933,61,0.2307692307692307,1.0,0.375,,,,0.6190071238670498,5,3,4,0.9,1,1
lacerda,hard,4,0.5,5000,0,10,10,0.01,0.0,0.6666666666666666,0.3493975903614458,1.0,0.5178571428571429,54,0.2535211267605634,1.0,0.4044943820224718,,,,0.6239304980263114,5,3,4,0.9,1,1
lacerda,hard,4,0.5,5000,0,10,10,0.05,0.1564792176039119,0.9090909090909092,0.8529411764705882,1.0,0.9206349206349206,5,0.782608695652174,1.0,0.878048780487805,,,,0.4065577201545238,5,3,4,0.9,1,2
lacerda,hard,4,0.5,5000,0,10,10,0.1,1.0,1.0,1.0,1.0,1.0,0,1.0,1.0,1.0,,,,0.4013444171287119,5,3,4,0.9,1,5
lacerda,hard,4,0.5,5000,0,10,10,0.2,1.0,1.0,1.0,1.0,1.0,0,1.0,1.0,1.0,,,,0.3999406541697681,5,3,4,0.9,1,5
lacerda,hard,4,0.5,5000,0,10,10,0.3,1.0,1.0,1.0,1.0,1.0,0,1.0,1.0,1.0,,,,0.3995090720709413,5,3,4,0.9,1,5
lacerda,hard,4,0.5,5000,0,10,10,0.5,1.0,1.0,1.0,1.0,1.0,0,1.0,1.0,1.0,,,,0.4093534660059958,5,3,4,0.9,1,5
lacerda,hard,4,0.5,5000,0,10,10,0.7,0.6341463414634146,0.888888888888889,1.0,0.6551724137931034,0.7916666666666666,10,1.0,0.6666666666666666,0.8,,,,0.4311646479181945,5,3,4,0.9,1,7
lacerda,hard,4,0.5,5000,0,10,10,1.0,0.0,0.0,1.0,0.0,0.0,29,1.0,0.0,0.0,,,,0.4097325659822672,5,3,4,0.9,1,10
lacerda,hard,4,0.5,5000,1,10,10,0.001,0.0,0.5,0.2696629213483146,1.0,0.4247787610619469,65,0.1975308641975308,1.0,0.3298969072164948,,,,0.6057618691120297,6,2,4,0.8,1,1
lacerda,hard,4,0.5,5000,1,10,10,0.005,0.0,0.5,0.2696629213483146,1.0,0.4247787610619469,65,0.1975308641975308,1.0,0.3298969072164948,,,,0.611297263065353,6,2,4,0.8,1,1
lacerda,hard,4,0.5,5000,1,10,10,0.01,0.0,0.5,0.264367816091954,0.9583333333333334,0.4144144144144144,65,0.2,1.0,0.3333333333333333,,,,0.6090539370197803,6,2,4,0.8,1,1
lacerda,hard,4,0.5,5000,1,10,10,0.05,0.0476190476190476,0.9090909090909092,0.9230769230769232,1.0,0.96,2,0.8888888888888888,1.0,0.9411764705882352,,,,0.3926107189618051,6,2,4,0.8,1,2
lacerda,hard,4,0.5,5000,1,10,10,0.1,1.0,1.0,1.0,1.0,1.0,0,1.0,1.0,1.0,,,,0.3965093670412898,6,2,4,0.8,1,6
lacerda,hard,4,0.5,5000,1,10,10,0.2,1.0,1.0,1.0,1.0,1.0,0,1.0,1.0,1.0,,,,0.3985547490883618,6,2,4,0.8,1,6
lacerda,hard,4,0.5,5000,1,10,10,0.3,1.0,1.0,1.0,1.0,1.0,0,1.0,1.0,1.0,,,,0.3830959550105035,6,2,4,0.8,1,6
lacerda,hard,4,0.5,5000,1,10,10,0.5,1.0,1.0,1.0,1.0,1.0,0,1.0,1.0,1.0,,,,0.4459948588628322,6,2,4,0.8,1,6
lacerda,hard,4,0.5,5000,1,10,10,0.7,0.3778801843317972,0.888888888888889,1.0,0.6666666666666666,0.8,8,1.0,0.75,0.8571428571428571,,,,0.4288228729274124,6,2,4,0.8,1,9
lacerda,hard,4,0.5,5000,1,10,10,1.0,0.0,0.0,1.0,0.0,0.0,24,1.0,0.0,0.0,,,,0.368162547936663,6,2,4,0.8,1,10
lacerda,hard,4,0.5,5000,2,10,10,0.001,0.0,0.6206896551724138,0.3555555555555555,1.0,0.5245901639344263,58,0.282051282051282,1.0,0.44,,,,0.5969300819560885,5,3,4,0.9,1,1
lacerda,hard,4,0.5,5000,2,10,10,0.005,0.0,0.6206896551724138,0.3924050632911392,0.96875,0.5585585585585585,49,0.3235294117647059,1.0,0.4888888888888889,,,,0.5956187939736992,5,3,4,0.9,1,1
lacerda,hard,4,0.5,5000,2,10,10,0.01,0.0,0.6206896551724138,0.4246575342465753,0.96875,0.5904761904761905,43,0.3548387096774194,1.0,0.5238095238095238,,,,0.6127730649895966,5,3,4,0.9,1,1
lacerda,hard,4,0.5,5000,2,10,10,0.05,0.2771084337349397,0.9,0.9142857142857144,1.0,0.955223880597015,3,0.88,1.0,0.9361702127659576,,,,0.3986648197751492,5,3,4,0.9,1,3
lacerda,hard,4,0.5,5000,2,10,10,0.1,1.0,1.0,1.0,1.0,1.0,0,1.0,1.0,1.0,,,,0.3925342278089374,5,3,4,0.9,1,5
lacerda,hard,4,0.5,5000,2,10,10,0.2,1.0,1.0,1.0,1.0,1.0,0,1.0,1.0,1.0,,,,0.4038528699893504,5,3,4,0.9,1,5
lacerda,hard,4,0.5,5000,2,10,10,0.3,1.0,1.0,1.0,1.0,1.0,0,1.0,1.0,1.0,,,,0.4081193071324378,5,3,4,0.9,1,5
lacerda,hard,4,0.5,5000,2,10,10,0.5,1.0,1.0,1.0,0.9375,0.967741935483871,2,1.0,0.9090909090909092,0.9523809523809524,,,,0.4073170211631804,5,3,4,0.9,1,5
lacerda,hard,4,0.5,5000,2,10,10,0.7,0.2574257425742574,0.8750000000000001,1.0,0.59375,0.7450980392156863,13,1.0,0.5909090909090909,0.7428571428571429,,,,0.3696826540399343,5,3,4,0.9,1,9
lacerda,hard,4,0.5,5000,2,10,10,1.0,0.0,0.0,1.0,0.0,0.0,32,1.0,0.0,0.0,,,,0.3970452130306512,5,3,4,0.9,1,10
lacerda,hard,4,0.5,5000,3,10,10,0.001,0.0,0.5185185185185185,0.3111111111111111,1.0,0.4745762711864407,62,0.2307692307692307,1.0,0.375,,,,0.6034202110022306,5,3,4,0.9,1,1
lacerda,hard,4,0.5,5000,3,10,10,0.005,0.0,0.5185185185185185,0.3181818181818182,1.0,0.4827586206896552,60,0.2368421052631578,1.0,0.3829787234042552,,,,0.6040744800120592,5,3,4,0.9,1,1
lacerda,hard,4,0.5,5000,3,10,10,0.01,0.0,0.5384615384615384,0.3544303797468354,1.0,0.5233644859813084,51,0.2647058823529412,1.0,0.4186046511627907,,,,0.6016449460294098,5,3,4,0.9,1,1
lacerda,hard,4,0.5,5000,3,10,10,0.05,0.0,0.7777777777777778,0.8235294117647058,1.0,0.9032258064516128,6,0.75,1.0,0.8571428571428571,,,,0.411481698974967,5,3,4,0.9,1,1
lacerda,hard,4,0.5,5000,3,10,10,0.1,1.0,1.0,1.0,1.0,1.0,0,1.0,1.0,1.0,,,,0.3887889219913631,5,3,4,0.9,1,5
lacerda,hard,4,0.5,5000,3,10,10,0.2,1.0,1.0,1.0,1.0,1.0,0,1.0,1.0,1.0,,,,0.393975003156811,5,3,4,0.9,1,5
lacerda,hard,4,0.5,5000,3,10,10,0.3,1.0,1.0,1.0,1.0,1.0,0,1.0,1.0,1.0,,,,0.4071555910632014,5,3,4,0.9,1,5
lacerda,hard,4,0.5,5000,3,10,10,0.5,1.0,1.0,1.0,1.0,1.0,0,1.0,1.0,1.0,,,,0.3955678890924901,5,3,4,0.9,1,5
lacerda,hard,4,0.5,5000,3,10,10,0.7,0.0,1.0,1.0,0.6428571428571429,0.782608695652174,10,1.0,0.7777777777777778,0.8750000000000001,,,,0.3755629560910165,5,3,4,0.9,1,10
lacerda,hard,4,0.5,5000,3,10,10,1.0,0.0,0.0,1.0,0.0,0.0,28,1.0,0.0,0.0,,,,0.3904191460460424,5,3,4,0.9,1,10
lacerda,hard,4,0.5,5000,4,10,10,0.001,0.0,0.6046511627906976,0.3103448275862069,1.0,0.4736842105263158,60,0.240506329113924,1.0,0.3877551020408163,,,,0.6120399439241737,6,2,4,0.8,1,1
lacerda,hard,4,0.5,5000,4,10,10,0.005,0.0,0.6046511627906976,0.3132530120481928,0.9629629629629628,0.4727272727272727,58,0.24,0.9473684210526316,0.3829787234042552,,,,0.6391853610984981,6,2,4,0.8,1,1
lacerda,hard,4,0.5,5000,4,10,10,0.01,0.0,0.6046511627906976,0.3086419753086419,0.925925925925926,0.4629629629629629,58,0.2328767123287671,0.8947368421052632,0.3695652173913043,,,,0.6125607839785516,6,2,4,0.8,1,1
lacerda,hard,4,0.5,5000,4,10,10,0.05,0.5614035087719298,0.962962962962963,0.9642857142857144,1.0,0.9818181818181818,1,0.95,1.0,0.9743589743589745,,,,0.4043395731132477,6,2,4,0.8,1,4
lacerda,hard,4,0.5,5000,4,10,10,0.1,1.0,1.0,1.0,1.0,1.0,0,1.0,1.0,1.0,,,,0.4061464548576623,6,2,4,0.8,1,6
lacerda,hard,4,0.5,5000,4,10,10,0.2,1.0,1.0,1.0,1.0,1.0,0,1.0,1.0,1.0,,,,0.4052498040255159,6,2,4,0.8,1,6
lacerda,hard,4,0.5,5000,4,10,10,0.3,1.0,1.0,1.0,1.0,1.0,0,1.0,1.0,1.0,,,,0.3972915059421211,6,2,4,0.8,1,6
lacerda,hard,4,0.5,5000,4,10,10,0.5,1.0,1.0,1.0,1.0,1.0,0,1.0,1.0,1.0,,,,0.4293146969284862,6,2,4,0.8,1,6
lacerda,hard,4,0.5,5000,4,10,10,0.7,0.6456692913385826,0.8695652173913044,1.0,0.6666666666666666,0.8,9,1.0,0.631578947368421,0.7741935483870968,,,,0.4184484998695552,6,2,4,0.8,1,8
lacerda,hard,4,0.5,5000,4,10,10,1.0,0.0,0.0,1.0,0.0,0.0,27,1.0,0.0,0.0,,,,0.4221177850849926,6,2,4,0.8,1,10
lacerda,hard,4,0.5,5000,5,10,10,0.001,0.0,0.6363636363636364,0.3666666666666666,1.0,0.5365853658536585,57,0.3048780487804878,1.0,0.4672897196261682,,,,0.6136722820810974,6,2,4,0.8,1,1
lacerda,hard,4,0.5,5000,5,10,10,0.005,0.0,0.6363636363636364,0.3707865168539326,1.0,0.5409836065573771,56,0.3086419753086419,1.0,0.4716981132075471,,,,0.612532767932862,6,2,4,0.8,1,1
lacerda,hard,4,0.5,5000,5,10,10,0.01,0.0,0.6666666666666666,0.3764705882352941,0.9696969696969696,0.5423728813559322,54,0.3116883116883117,0.96,0.4705882352941176,,,,0.6098982798866928,6,2,4,0.8,1,1
lacerda,hard,4,0.5,5000,5,10,10,0.05,0.5614035087719298,0.9032258064516128,0.868421052631579,1.0,0.9295774647887324,5,0.8333333333333334,1.0,0.9090909090909092,,,,0.4060324819292873,6,2,4,0.8,1,4
lacerda,hard,4,0.5,5000,5,10,10,0.1,1.0,1.0,1.0,1.0,1.0,0,1.0,1.0,1.0,,,,0.3977349770721048,6,2,4,0.8,1,6
lacerda,hard,4,0.5,5000,5,10,10,0.2,1.0,1.0,1.0,1.0,1.0,0,1.0,1.0,1.0,,,,0.4044977589510381,6,2,4,0.8,1,6
lacerda,hard,4,0.5,5000,5,10,10,0.3,1.0,1.0,1.0,1.0,1.0,0,1.0,1.0,1.0,,,,0.401438876055181,6,2,4,0.8,1,6
lacerda,hard,4,0.5,5000,5,10,10,0.5,1.0,1.0,1.0,0.9696969696969696,0.9846153846153848,1,1.0,0.96,0.979591836734694,,,,0.3907122719101608,6,2,4,0.8,1,6
lacerda,hard,4,0.5,5000,5,10,10,0.7,0.6456692913385826,0.923076923076923,1.0,0.7272727272727273,0.8421052631578948,9,1.0,0.76,0.8636363636363636,,,,0.4340385030955076,6,2,4,0.8,1,8
lacerda,hard,4,0.5,5000,5,10,10,1.0,0.0,0.1333333333333333,1.0,0.0303030303030303,0.0588235294117647,32,1.0,0.04,0.0769230769230769,,,,0.4086721132043749,6,2,4,0.8,1,10
lacerda,hard,4,0.5,5000,6,10,10,0.001,0.0,0.6206896551724138,0.2954545454545454,1.0,0.456140350877193,62,0.2105263157894736,1.0,0.3478260869565217,,,,0.6086168470792472,5,3,4,0.9,1,1
lacerda,hard,4,0.5,5000,6,10,10,0.005,0.0,0.6206896551724138,0.3170731707317073,1.0,0.4814814814814814,56,0.2285714285714285,1.0,0.3720930232558139,,,,0.6067815159913152,5,3,4,0.9,1,1
lacerda,hard,4,0.5,5000,6,10,10,0.01,0.0,0.6206896551724138,0.3421052631578947,1.0,0.5098039215686275,50,0.2461538461538461,1.0,0.3950617283950617,,,,0.6095422690268606,5,3,4,0.9,1,1
lacerda,hard,4,0.5,5000,6,10,10,0.05,1.0,0.9473684210526316,0.9285714285714286,1.0,0.962962962962963,2,0.8888888888888888,1.0,0.9411764705882352,,,,0.3887273431755602,5,3,4,0.9,1,5
lacerda,hard,4,0.5,5000,6,10,10,0.1,1.0,1.0,1.0,1.0,1.0,0,1.0,1.0,1.0,,,,0.3851808789186179,5,3,4,0.9,1,5
lacerda,hard,4,0.5,5000,6,10,10,0.2,1.0,1.0,1.0,1.0,1.0,0,1.0,1.0,1.0,,,,0.4043255739379674,5,3,4,0.9,1,5
lacerda,hard,4,0.5,5000,6,10,10,0.3,1.0,1.0,1.0,1.0,1.0,0,1.0,1.0,1.0,,,,0.3953738200943917,5,3,4,0.9,1,5
lacerda,hard,4,0.5,5000,6,10,10,0.5,1.0,1.0,1.0,0.9615384615384616,0.9803921568627452,1,1.0,0.9375,0.967741935483871,,,,0.4279020149260759,5,3,4,0.9,1,5
lacerda,hard,4,0.5,5000,6,10,10,0.7,0.2574257425742574,0.8750000000000001,1.0,0.5384615384615384,0.7000000000000001,12,1.0,0.625,0.7692307692307693,,,,0.4102796539664268,5,3,4,0.9,1,9
lacerda,hard,4,0.5,5000,6,10,10,1.0,0.0,0.0,1.0,0.0,0.0,26,1.0,0.0,0.0,,,,0.4230439539533108,5,3,4,0.9,1,10
lacerda,hard,4,0.5,5000,7,10,10,0.001,0.0,0.6046511627906976,0.3222222222222222,1.0,0.4873949579831933,61,0.2560975609756097,1.0,0.4077669902912621,,,,0.6545544739346951,6,2,4,0.8,1,1
lacerda,hard,4,0.5,5000,7,10,10,0.005,0.0,0.6046511627906976,0.3411764705882353,1.0,0.5087719298245613,56,0.2727272727272727,1.0,0.4285714285714285,,,,0.6139860900584608,6,2,4,0.8,1,1
lacerda,hard,4,0.5,5000,7,10,10,0.01,0.0,0.6046511627906976,0.3625,1.0,0.5321100917431192,51,0.2916666666666667,1.0,0.4516129032258064,,,,0.6072044451721013,6,2,4,0.8,1,1
lacerda,hard,4,0.5,5000,7,10,10,0.05,1.0,0.9285714285714286,0.935483870967742,1.0,0.9666666666666666,2,0.9130434782608696,1.0,0.9545454545454544,,,,0.3992237101774663,6,2,4,0.8,1,6
lacerda,hard,4,0.5,5000,7,10,10,0.1,1.0,1.0,1.0,1.0,1.0,0,1.0,1.0,1.0,,,,0.3965070070698857,6,2,4,0.8,1,6
lacerda,hard,4,0.5,5000,7,10,10,0.2,1.0,1.0,1.0,1.0,1.0,0,1.0,1.0,1.0,,,,0.4015667270869016,6,2,4,0.8,1,6
lacerda,hard,4,0.5,5000,7,10,10,0.3,1.0,1.0,1.0,1.0,1.0,0,1.0,1.0,1.0,,,,0.408095657126978,6,2,4,0.8,1,6
lacerda,hard,4,0.5,5000,7,10,10,0.5,1.0,1.0,1.0,0.9655172413793104,0.9824561403508772,1,1.0,0.9523809523809524,0.975609756097561,,,,0.4271792129147798,6,2,4,0.8,1,6
lacerda,hard,4,0.5,5000,7,10,10,0.7,0.6456692913385826,0.8695652173913044,1.0,0.5517241379310345,0.7111111111111111,13,1.0,0.5714285714285714,0.7272727272727273,,,,0.4385088679846376,6,2,4,0.8,1,8
lacerda,hard,4,0.5,5000,7,10,10,1.0,0.0,0.0,1.0,0.0,0.0,29,1.0,0.0,0.0,,,,0.4257365739904344,6,2,4,0.8,1,10
lacerda,hard,4,0.5,5000,8,10,10,0.001,0.0,0.6666666666666666,0.4090909090909091,1.0,0.5806451612903226,52,0.3055555555555556,1.0,0.4680851063829787,,,,0.60380420810543,4,3,4,1.0,1,1
lacerda,hard,4,0.5,5000,8,10,10,0.005,0.0,0.6666666666666666,0.4285714285714285,1.0,0.6,48,0.3235294117647059,1.0,0.4888888888888889,,,,0.622380190063268,4,3,4,1.0,1,1
lacerda,hard,4,0.5,5000,8,10,10,0.01,0.0,0.6666666666666666,0.4675324675324675,1.0,0.6371681415929203,41,0.3548387096774194,1.0,0.5238095238095238,,,,0.6169160210993141,4,3,4,1.0,1,1
lacerda,hard,4,0.5,5000,8,10,10,0.05,0.7457627118644068,0.923076923076923,0.9473684210526316,1.0,0.972972972972973,2,0.9166666666666666,1.0,0.9565217391304348,,,,0.4043269429821521,4,3,4,1.0,1,3
lacerda,hard,4,0.5,5000,8,10,10,0.1,1.0,1.0,1.0,1.0,1.0,0,1.0,1.0,1.0,,,,0.4144970481283963,4,3,4,1.0,1,4
lacerda,hard,4,0.5,5000,8,10,10,0.2,1.0,1.0,1.0,1.0,1.0,0,1.0,1.0,1.0,,,,0.4195061339996755,4,3,4,1.0,1,4
lacerda,hard,4,0.5,5000,8,10,10,0.3,1.0,1.0,1.0,1.0,1.0,0,1.0,1.0,1.0,,,,0.3992337281815707,4,3,4,1.0,1,4
lacerda,hard,4,0.5,5000,8,10,10,0.5,1.0,1.0,1.0,0.9444444444444444,0.9714285714285714,2,1.0,1.0,1.0,,,,0.4036358431912958,4,3,4,1.0,1,4
lacerda,hard,4,0.5,5000,8,10,10,0.7,0.354066985645933,0.9090909090909092,1.0,0.5277777777777778,0.6909090909090909,17,1.0,0.5454545454545454,0.7058823529411764,,,,0.4214560890104621,4,3,4,1.0,1,8
lacerda,hard,4,0.5,5000,8,10,10,1.0,0.0,0.0,1.0,0.0,0.0,36,1.0,0.0,0.0,,,,0.4202323860954493,4,3,4,1.0,1,10
lacerda,hard,4,0.5,5000,9,10,10,0.001,0.0,0.5714285714285715,0.2808988764044944,1.0,0.4385964912280702,64,0.1818181818181818,1.0,0.3076923076923077,,,,0.601544972974807,5,3,4,0.9,1,1
lacerda,hard,4,0.5,5000,9,10,10,0.005,0.0,0.5925925925925926,0.3086419753086419,1.0,0.4716981132075471,56,0.2,1.0,0.3333333333333333,,,,0.60325275384821,5,3,4,0.9,1,1
lacerda,hard,4,0.5,5000,9,10,10,0.01,0.0,0.5925925925925926,0.3246753246753247,1.0,0.4901960784313725,52,0.2121212121212121,1.0,0.35,,,,0.5951739128213376,5,3,4,0.9,1,1
lacerda,hard,4,0.5,5000,9,10,10,0.05,0.4360902255639097,0.888888888888889,0.8928571428571429,1.0,0.9433962264150944,3,0.8235294117647058,1.0,0.9032258064516128,,,,0.4007310981396585,5,3,4,0.9,1,3
lacerda,hard,4,0.5,5000,9,10,10,0.1,1.0,1.0,1.0,1.0,1.0,0,1.0,1.0,1.0,,,,0.4025131210219115,5,3,4,0.9,1,5
lacerda,hard,4,0.5,5000,9,10,10,0.2,1.0,1.0,1.0,1.0,1.0,0,1.0,1.0,1.0,,,,0.399069351144135,5,3,4,0.9,1,5
lacerda,hard,4,0.5,5000,9,10,10,0.3,1.0,1.0,1.0,1.0,1.0,0,1.0,1.0,1.0,,,,0.3968847261276096,5,3,4,0.9,1,5
lacerda,hard,4,0.5,5000,9,10,10,0.5,0.7761194029850746,1.0,1.0,0.96,0.979591836734694,1,1.0,1.0,1.0,,,,0.425208190921694,5,3,4,0.9,1,6
lacerda,hard,4,0.5,5000,9,10,10,0.7,0.6341463414634146,0.7692307692307693,1.0,0.64,0.7804878048780487,9,1.0,0.5,0.6666666666666666,,,,0.4393841801211238,5,3,4,0.9,1,7
lacerda,hard,4,0.5,5000,9,10,10,1.0,0.0,0.0,1.0,0.0,0.0,25,1.0,0.0,0.0,,,,0.4211930111050606,5,3,4,0.9,1,10
lacerda,hard,4,0.5,50000,0,10,10,0.001,0.0,0.6666666666666666,0.3222222222222222,1.0,0.4873949579831933,61,0.2307692307692307,1.0,0.375,,,,0.6267189849168062,5,3,4,0.9,1,1
lacerda,hard,4,0.5,50000,0,10,10,0.005,0.0,0.6666666666666666,0.3536585365853658,1.0,0.5225225225225225,53,0.2535211267605634,1.0,0.4044943820224718,,,,0.6476119160652161,5,3,4,0.9,1,1
lacerda,hard,4,0.5,50000,0,10,10,0.01,0.0,0.7407407407407407,0.6170212765957447,1.0,0.763157894736842,18,0.5,1.0,0.6666666666666666,,,,0.4281315470580011,5,3,4,0.9,1,1
lacerda,hard,4,0.5,50000,0,10,10,0.05,1.0,1.0,1.0,1.0,1.0,0,1.0,1.0,1.0,,,,0.4059998269658535,5,3,4,0.9,1,5
lacerda,hard,4,0.5,50000,0,10,10,0.1,1.0,1.0,1.0,1.0,1.0,0,1.0,1.0,1.0,,,,0.412682567955926,5,3,4,0.9,1,5
lacerda,hard,4,0.5,50000,0,10,10,0.2,1.0,1.0,1.0,1.0,1.0,0,1.0,1.0,1.0,,,,0.4162664050236344,5,3,4,0.9,1,5
lacerda,hard,4,0.5,50000,0,10,10,0.3,1.0,1.0,1.0,1.0,1.0,0,1.0,1.0,1.0,,,,0.4178185581695288,5,3,4,0.9,1,5
lacerda,hard,4,0.5,50000,0,10,10,0.5,1.0,1.0,1.0,1.0,1.0,0,1.0,1.0,1.0,,,,0.415596576873213,5,3,4,0.9,1,5
lacerda,hard,4,0.5,50000,0,10,10,0.7,0.6341463414634146,0.9473684210526316,1.0,0.6896551724137931,0.8163265306122449,9,1.0,0.7222222222222222,0.8387096774193548,,,,0.4127091160044074,5,3,4,0.9,1,7
lacerda,hard,4,0.5,50000,0,10,10,1.0,0.0,0.0,1.0,0.0,0.0,29,1.0,0.0,0.0,,,,0.434238662943244,5,3,4,0.9,1,10
lacerda,hard,4,0.5,50000,1,10,10,0.001,0.0,0.5,0.264367816091954,0.9583333333333334,0.4144144144144144,65,0.189873417721519,0.9375,0.3157894736842105,,,,0.623975289054215,6,2,4,0.8,1,1
lacerda,hard,4,0.5,50000,1,10,10,0.005,0.0,0.5128205128205129,0.2987012987012987,0.9583333333333334,0.4554455445544554,55,0.217391304347826,0.9375,0.3529411764705882,,,,0.6313996659591794,6,2,4,0.8,1,1
lacerda,hard,4,0.5,50000,1,10,10,0.01,0.0,0.7142857142857143,0.5714285714285714,1.0,0.7272727272727273,18,0.4705882352941176,1.0,0.6399999999999999,,,,0.4751742871012538,6,2,4,0.8,1,1
lacerda,hard,4,0.5,50000,1,10,10,0.05,1.0,1.0,1.0,1.0,1.0,0,1.0,1.0,1.0,,,,0.4156060512177646,6,2,4,0.8,1,6
lacerda,hard,4,0.5,50000,1,10,10,0.1,1.0,1.0,1.0,1.0,1.0,0,1.0,1.0,1.0,,,,0.4179080368485302,6,2,4,0.8,1,6
lacerda,hard,4,0.5,50000,1,10,10,0.2,1.0,1.0,1.0,1.0,1.0,0,1.0,1.0,1.0,,,,0.4211363028734922,6,2,4,0.8,1,6
lacerda,hard,4,0.5,50000,1,10,10,0.3,1.0,1.0,1.0,1.0,1.0,0,1.0,1.0,1.0,,,,0.3870337319094687,6,2,4,0.8,1,6
lacerda,hard,4,0.5,50000,1,10,10,0.5,1.0,1.0,1.0,1.0,1.0,0,1.0,1.0,1.0,,,,0.4359178901650011,6,2,4,0.8,1,6
lacerda,hard,4,0.5,50000,1,10,10,0.7,0.3778801843317972,0.888888888888889,1.0,0.6666666666666666,0.8,8,1.0,0.75,0.8571428571428571,,,,0.4204496690072119,6,2,4,0.8,1,9
lacerda,hard,4,0.5,50000,1,10,10,1.0,0.0,0.0,1.0,0.0,0.0,24,1.0,0.0,0.0,,,,0.4394841301254928,6,2,4,0.8,1,10
lacerda,hard,4,0.5,50000,2,10,10,0.001,0.0,0.6206896551724138,0.367816091954023,1.0,0.5378151260504201,55,0.2933333333333333,1.0,0.4536082474226803,,,,0.6290942670311779,5,3,4,0.9,1,1
lacerda,hard,4,0.5,50000,2,10,10,0.005,0.0,0.6428571428571429,0.4305555555555556,0.96875,0.5961538461538461,42,0.3442622950819672,0.9545454545454546,0.5060240963855422,,,,0.6207177171017975,5,3,4,0.9,1,1
lacerda,hard,4,0.5,50000,2,10,10,0.01,0.0,0.7499999999999999,0.6956521739130435,1.0,0.8205128205128205,14,0.6285714285714286,1.0,0.7719298245614035,,,,0.4439899090211838,5,3,4,0.9,1,1
lacerda,hard,4,0.5,50000,2,10,10,0.05,1.0,1.0,1.0,1.0,1.0,0,1.0,1.0,1.0,,,,0.4184931148774922,5,3,4,0.9,1,5
lacerda,hard,4,0.5,50000,2,10,10,0.1,1.0,1.0,1.0,1.0,1.0,0,1.0,1.0,1.0,,,,0.4161580670624971,5,3,4,0.9,1,5
lacerda,hard,4,0.5,50000,2,10,10,0.2,1.0,1.0,1.0,1.0,1.0,0,1.0,1.0,1.0,,,,0.3972340379841625,5,3,4,0.9,1,5
lacerda,hard,4,0.5,50000,2,10,10,0.3,1.0,1.0,1.0,1.0,1.0,0,1.0,1.0,1.0,,,,0.4128203031141311,5,3,4,0.9,1,5
lacerda,hard,4,0.5,50000,2,10,10,0.5,1.0,1.0,1.0,1.0,1.0,0,1.0,1.0,1.0,,,,0.4615356069989502,5,3,4,0.9,1,5
lacerda,hard,4,0.5,50000,2,10,10,0.7,0.2574257425742574,0.9411764705882352,1.0,0.59375,0.7450980392156863,13,1.0,0.6363636363636364,0.7777777777777778,,,,0.4401531300973147,5,3,4,0.9,1,9
lacerda,hard,4,0.5,50000,2,10,10,1.0,0.0,0.0,1.0,0.0,0.0,32,1.0,0.0,0.0,,,,0.4719719369895756,5,3,4,0.9,1,10
lacerda,hard,4,0.5,50000,3,10,10,0.001,0.0,0.5185185185185185,0.3146067415730337,1.0,0.4786324786324786,61,0.2337662337662337,1.0,0.3789473684210526,,,,0.6178484179545194,5,3,4,0.9,1,1
lacerda,hard,4,0.5,50000,3,10,10,0.005,0.0,0.5185185185185185,0.3421052631578947,0.9285714285714286,0.5,52,0.2615384615384615,0.9444444444444444,0.4096385542168675,,,,0.623031792929396,5,3,4,0.9,1,1
lacerda,hard,4,0.5,50000,3,10,10,0.01,0.074074074074074,0.7777777777777778,0.7567567567567568,1.0,0.8615384615384616,9,0.6666666666666666,1.0,0.8,,,,0.4177670141216367,5,3,4,0.9,1,2
lacerda,hard,4,0.5,50000,3,10,10,0.05,1.0,1.0,1.0,1.0,1.0,0,1.0,1.0,1.0,,,,0.416776976082474,5,3,4,0.9,1,5
lacerda,hard,4,0.5,50000,3,10,10,0.1,1.0,1.0,1.0,1.0,1.0,0,1.0,1.0,1.0,,,,0.4155523020308465,5,3,4,0.9,1,5
lacerda,hard,4,0.5,50000,3,10,10,0.2,1.0,1.0,1.0,1.0,1.0,0,1.0,1.0,1.0,,,,0.4199181259609759,5,3,4,0.9,1,5
lacerda,hard,4,0.5,50000,3,10,10,0.3,1.0,1.0,1.0,1.0,1.0,0,1.0,1.0,1.0,,,,0.4217879590578377,5,3,4,0.9,1,5
lacerda,hard,4,0.5,50000,3,10,10,0.5,1.0,1.0,1.0,1.0,1.0,0,1.0,1.0,1.0,,,,0.4114149389788508,5,3,4,0.9,1,5
lacerda,hard,4,0.5,50000,3,10,10,0.7,0.0,1.0,1.0,0.6428571428571429,0.782608695652174,10,1.0,0.7777777777777778,0.8750000000000001,,,,0.4234727178700268,5,3,4,0.9,1,10
lacerda,hard,4,0.5,50000,3,10,10,1.0,0.0,0.0,1.0,0.0,0.0,28,1.0,0.0,0.0,,,,0.4549554770346731,5,3,4,0.9,1,10
lacerda,hard,4,0.5,50000,4,10,10,0.001,0.0,0.6046511627906976,0.3,1.0,0.4615384615384615,63,0.2317073170731707,1.0,0.3762376237623762,,,,0.6292379428632557,6,2,4,0.8,1,1
lacerda,hard,4,0.5,50000,4,10,10,0.005,0.0,0.65,0.4426229508196721,1.0,0.6136363636363636,34,0.3584905660377358,1.0,0.5277777777777778,,,,0.6417774599976838,6,2,4,0.8,1,1
lacerda,hard,4,0.5,50000,4,10,10,0.01,0.0,0.7222222222222222,0.6136363636363636,1.0,0.7605633802816901,17,0.5277777777777778,1.0,0.6909090909090909,,,,0.4572974061593413,6,2,4,0.8,1,1
lacerda,hard,4,0.5,50000,4,10,10,0.05,1.0,1.0,1.0,1.0,1.0,0,1.0,1.0,1.0,,,,0.4225464039482176,6,2,4,0.8,1,6
lacerda,hard,4,0.5,50000,4,10,10,0.1,1.0,1.0,1.0,1.0,1.0,0,1.0,1.0,1.0,,,,0.418335307855159,6,2,4,0.8,1,6
lacerda,hard,4,0.5,50000,4,10,10,0.2,1.0,1.0,1.0,1.0,1.0,0,1.0,1.0,1.0,,,,0.4188719450030476,6,2,4,0.8,1,6
lacerda,hard,4,0.5,50000,4,10,10,0.3,1.0,1.0,1.0,1.0,1.0,0,1.0,1.0,1.0,,,,0.4176449759397656,6,2,4,0.8,1,6
lacerda,hard,4,0.5,50000,4,10,10,0.5,1.0,1.0,1.0,1.0,1.0,0,1.0,1.0,1.0,,,,0.4190822630189359,6,2,4,0.8,1,6
lacerda,hard,4,0.5,50000,4,10,10,0.7,0.6456692913385826,0.8181818181818181,1.0,0.6666666666666666,0.8,9,1.0,0.631578947368421,0.7741935483870968,,,,0.436139962170273,6,2,4,0.8,1,8
lacerda,hard,4,0.5,50000,4,10,10,1.0,0.0,0.0,1.0,0.0,0.0,27,1.0,0.0,0.0,,,,0.4621744898613542,6,2,4,0.8,1,10
lacerda,hard,4,0.5,50000,5,10,10,0.001,0.0,0.6666666666666666,0.3975903614457831,1.0,0.5689655172413793,50,0.3333333333333333,1.0,0.5,,,,0.6385849060025066,6,2,4,0.8,1,1
lacerda,hard,4,0.5,50000,5,10,10,0.005,0.0,0.6829268292682926,0.4571428571428571,0.9696969696969696,0.6213592233009709,39,0.3870967741935484,0.96,0.5517241379310344,,,,0.6310667279176414,6,2,4,0.8,1,1
lacerda,hard,4,0.5,50000,5,10,10,0.01,0.0476190476190476,0.9032258064516128,0.8048780487804879,1.0,0.8918918918918919,8,0.7575757575757576,1.0,0.8620689655172413,,,,0.4244351538363844,6,2,4,0.8,1,2
lacerda,hard,4,0.5,50000,5,10,10,0.05,1.0,1.0,1.0,1.0,1.0,0,1.0,1.0,1.0,,,,0.4105659101624042,6,2,4,0.8,1,6
lacerda,hard,4,0.5,50000,5,10,10,0.1,1.0,1.0,1.0,1.0,1.0,0,1.0,1.0,1.0,,,,0.424328844062984,6,2,4,0.8,1,6
lacerda,hard,4,0.5,50000,5,10,10,0.2,1.0,1.0,1.0,1.0,1.0,0,1.0,1.0,1.0,,,,0.4320854521356523,6,2,4,0.8,1,6
lacerda,hard,4,0.5,50000,5,10,10,0.3,1.0,1.0,1.0,1.0,1.0,0,1.0,1.0,1.0,,,,0.4092362090013921,6,2,4,0.8,1,6
lacerda,hard,4,0.5,50000,5,10,10,0.5,1.0,0.962962962962963,1.0,0.9696969696969696,0.9846153846153848,1,1.0,0.96,0.979591836734694,,,,0.4320284479763359,6,2,4,0.8,1,6
lacerda,hard,4,0.5,50000,5,10,10,0.7,0.6456692913385826,0.88,1.0,0.696969696969697,0.8214285714285715,10,1.0,0.72,0.8372093023255813,,,,0.4479349108878523,6,2,4,0.8,1,8
lacerda,hard,4,0.5,50000,5,10,10,1.0,0.0,0.0,1.0,0.0,0.0,33,1.0,0.0,0.0,,,,0.4601535240653902,6,2,4,0.8,1,10
lacerda,hard,4,0.5,50000,6,10,10,0.001,0.0,0.6206896551724138,0.2921348314606741,1.0,0.4521739130434782,63,0.2077922077922078,1.0,0.3440860215053763,,,,0.6367000469472259,5,3,4,0.9,1,1
lacerda,hard,4,0.5,50000,6,10,10,0.005,0.0,0.6666666666666666,0.4406779661016949,1.0,0.611764705882353,33,0.3265306122448979,1.0,0.4923076923076923,,,,0.6366881539579481,5,3,4,0.9,1,1
lacerda,hard,4,0.5,50000,6,10,10,0.01,0.0,0.72,0.65,1.0,0.787878787878788,14,0.5333333333333333,1.0,0.6956521739130436,,,,0.4087245659902692,5,3,4,0.9,1,1
lacerda,hard,4,0.5,50000,6,10,10,0.05,1.0,1.0,1.0,1.0,1.0,0,1.0,1.0,1.0,,,,0.4105151130352169,5,3,4,0.9,1,5
lacerda,hard,4,0.5,50000,6,10,10,0.1,1.0,1.0,1.0,1.0,1.0,0,1.0,1.0,1.0,,,,0.4193485549185425,5,3,4,0.9,1,5
lacerda,hard,4,0.5,50000,6,10,10,0.2,1.0,1.0,1.0,1.0,1.0,0,1.0,1.0,1.0,,,,0.419100423110649,5,3,4,0.9,1,5
lacerda,hard,4,0.5,50000,6,10,10,0.3,1.0,1.0,1.0,1.0,1.0,0,1.0,1.0,1.0,,,,0.4188392178621143,5,3,4,0.9,1,5
lacerda,hard,4,0.5,50000,6,10,10,0.5,1.0,1.0,1.0,1.0,1.0,0,1.0,1.0,1.0,,,,0.4833585920277983,5,3,4,0.9,1,5
lacerda,hard,4,0.5,50000,6,10,10,0.7,0.2574257425742574,0.8750000000000001,1.0,0.5384615384615384,0.7000000000000001,12,1.0,0.625,0.7692307692307693,,,,0.4134517561178654,5,3,4,0.9,1,9
lacerda,hard,4,0.5,50000,6,10,10,1.0,0.0,0.0,1.0,0.0,0.0,26,1.0,0.0,0.0,,,,0.4390704038087278,5,3,4,0.9,1,10
lacerda,hard,4,0.5,50000,7,10,10,0.001,0.0,0.6046511627906976,0.3295454545454545,1.0,0.4957264957264957,59,0.2625,1.0,0.4158415841584159,,,,0.6164308639708906,6,2,4,0.8,1,1
lacerda,hard,4,0.5,50000,7,10,10,0.005,0.0,0.7027027027027027,0.5178571428571429,1.0,0.6823529411764707,27,0.4375,1.0,0.6086956521739131,,,,0.6245403019711375,6,2,4,0.8,1,1
lacerda,hard,4,0.5,50000,7,10,10,0.01,0.1021548284118116,0.8125000000000001,0.7631578947368421,1.0,0.8656716417910448,9,0.7,1.0,0.8235294117647058,,,,0.4179062750190496,6,2,4,0.8,1,2
lacerda,hard,4,0.5,50000,7,10,10,0.05,1.0,1.0,1.0,1.0,1.0,0,1.0,1.0,1.0,,,,0.4158013581763953,6,2,4,0.8,1,6
lacerda,hard,4,0.5,50000,7,10,10,0.1,1.0,1.0,1.0,1.0,1.0,0,1.0,1.0,1.0,,,,0.4276825250126421,6,2,4,0.8,1,6
lacerda,hard,4,0.5,50000,7,10,10,0.2,1.0,1.0,1.0,1.0,1.0,0,1.0,1.0,1.0,,,,0.4225727920420468,6,2,4,0.8,1,6
lacerda,hard,4,0.5,50000,7,10,10,0.3,1.0,1.0,1.0,1.0,1.0,0,1.0,1.0,1.0,,,,0.4113402550574392,6,2,4,0.8,1,6
lacerda,hard,4,0.5,50000,7,10,10,0.5,1.0,1.0,1.0,1.0,1.0,0,1.0,1.0,1.0,,,,0.4439582719933241,6,2,4,0.8,1,6
lacerda,hard,4,0.5,50000,7,10,10,0.7,0.0,0.8695652173913044,1.0,0.4827586206896552,0.6511627906976745,15,1.0,0.5714285714285714,0.7272727272727273,,,,0.4500691019929945,6,2,4,0.8,1,10
lacerda,hard,4,0.5,50000,7,10,10,1.0,0.0,0.0,1.0,0.0,0.0,29,1.0,0.0,0.0,,,,0.4718374428339302,6,2,4,0.8,1,10
lacerda,hard,4,0.5,50000,8,10,10,0.001,0.0,0.6666666666666666,0.4044943820224719,1.0,0.576,53,0.3013698630136986,1.0,0.4631578947368421,,,,0.635896806139499,4,3,4,1.0,1,1
lacerda,hard,4,0.5,50000,8,10,10,0.005,0.0,0.6666666666666666,0.4074074074074074,0.9166666666666666,0.5641025641025641,51,0.3134328358208955,0.9545454545454546,0.4719101123595506,,,,0.6255867390427738,4,3,4,1.0,1,1
lacerda,hard,4,0.5,50000,8,10,10,0.01,0.0,0.7058823529411764,0.6666666666666666,1.0,0.8,18,0.55,1.0,0.7096774193548387,,,,0.6315022099297494,4,3,4,1.0,1,1
lacerda,hard,4,0.5,50000,8,10,10,0.05,1.0,1.0,1.0,1.0,1.0,0,1.0,1.0,1.0,,,,0.4179500469472259,4,3,4,1.0,1,4
lacerda,hard,4,0.5,50000,8,10,10,0.1,1.0,1.0,1.0,1.0,1.0,0,1.0,1.0,1.0,,,,0.4172444071155041,4,3,4,1.0,1,4
lacerda,hard,4,0.5,50000,8,10,10,0.2,1.0,1.0,1.0,1.0,1.0,0,1.0,1.0,1.0,,,,0.4164440101012587,4,3,4,1.0,1,4
lacerda,hard,4,0.5,50000,8,10,10,0.3,1.0,1.0,1.0,1.0,1.0,0,1.0,1.0,1.0,,,,0.4241419548634439,4,3,4,1.0,1,4
lacerda,hard,4,0.5,50000,8,10,10,0.5,1.0,1.0,1.0,0.9722222222222222,0.9859154929577464,1,1.0,1.0,1.0,,,,0.4441828690469265,4,3,4,1.0,1,4
lacerda,hard,4,0.5,50000,8,10,10,0.7,0.1902313624678663,1.0,1.0,0.5,0.6666666666666666,18,1.0,0.5909090909090909,0.7428571428571429,,,,0.4233106290921569,4,3,4,1.0,1,9
lacerda,hard,4,0.5,50000,8,10,10,1.0,0.0,0.0,1.0,0.0,0.0,36,1.0,0.0,0.0,,,,0.442326886113733,4,3,4,1.0,1,10
lacerda,hard,4,0.5,50000,9,10,10,0.001,0.0,0.5714285714285715,0.2808988764044944,1.0,0.4385964912280702,64,0.1818181818181818,1.0,0.3076923076923077,,,,0.6271959540899843,5,3,4,0.9,1,1
lacerda,hard,4,0.5,50000,9,10,10,0.005,0.0,0.6153846153846153,0.3380281690140845,0.96,0.5,48,0.2295081967213114,1.0,0.3733333333333333,,,,0.6156522009987384,5,3,4,0.9,1,1
lacerda,hard,4,0.5,50000,9,10,10,0.01,0.0,0.6399999999999999,0.4210526315789473,0.96,0.5853658536585366,34,0.2826086956521739,0.9285714285714286,0.4333333333333333,,,,0.4430940309539437,5,3,4,0.9,1,1
lacerda,hard,4,0.5,50000,9,10,10,0.05,1.0,1.0,1.0,1.0,1.0,0,1.0,1.0,1.0,,,,0.4116224150639027,5,3,4,0.9,1,5
lacerda,hard,4,0.5,50000,9,10,10,0.1,1.0,1.0,1.0,1.0,1.0,0,1.0,1.0,1.0,,,,0.4159290199168026,5,3,4,0.9,1,5
lacerda,hard,4,0.5,50000,9,10,10,0.2,1.0,1.0,1.0,1.0,1.0,0,1.0,1.0,1.0,,,,0.4179835240356624,5,3,4,0.9,1,5
lacerda,hard,4,0.5,50000,9,10,10,0.3,1.0,1.0,1.0,1.0,1.0,0,1.0,1.0,1.0,,,,0.4141046199947595,5,3,4,0.9,1,5
lacerda,hard,4,0.5,50000,9,10,10,0.5,1.0,1.0,1.0,1.0,1.0,0,1.0,1.0,1.0,,,,0.439164362847805,5,3,4,0.9,1,5
lacerda,hard,4,0.5,50000,9,10,10,0.7,0.6341463414634146,0.7692307692307693,1.0,0.64,0.7804878048780487,9,1.0,0.5,0.6666666666666666,,,,0.4190028028097003,5,3,4,0.9,1,7
lacerda,hard,4,0.5,50000,9,10,10,1.0,0.0,0.0,1.0,0.0,0.0,25,1.0,0.0,0.0,,,,0.4582574449013918,5,3,4,0.9,1,10
