regime,n,seed,method,ari,exact,partition_exact,ica_runtime_sec,selection_runtime_sec,total_runtime_sec,cap_hit,timed_out,completed,selection_share,selection_over_ica,selection_dominates
hard,10000,0,arbitrary_control,0.002197802197802198,0.0,0.0,0.03157629101769999,4.040021449327469e-05,0.03161669123219326,False,False,True,0.001277812855133232,0.0012794477499155452,False
hard,10000,0,enum_first_stable,1.0,1.0,1.0,0.03157629101769999,11.085019833990373,11.116596125008073,False,False,True,0.9971595360070098,351.05515805439916,True
hard,10000,0,enum_uniform_random,0.9697933227344991,0.8,0.8,0.03157629101769999,11.085032950015739,11.116609241033439,False,False,True,0.9971595393583552,351.0555734301429,True
hard,10000,0,ours,1.0,1.0,1.0,0.03157629101769999,8.483300916850567e-05,0.03166112402686849,False,False,True,0.0026794061100456844,0.0026866046148660335,False
hard,10000,1,arbitrary_control,0.0,0.0,0.0,0.02020083402749151,3.635021857917309e-05,0.020237184246070683,False,False,True,0.0017962093015104592,0.0017994414750254234,False
hard,10000,1,enum_first_stable,1.0,1.0,1.0,0.02020083402749151,0.6379660830134526,0.6581669170409441,False,False,True,0.9693074302210258,31.581175418066323,True
hard,10000,1,enum_uniform_random,0.6939457799250937,0.2,0.2,0.02020083402749151,0.6379822499933653,0.6581830840208568,False,False,True,0.9693081841239612,31.58197573056286,True
hard,10000,1,ours,1.0,1.0,1.0,0.02020083402749151,5.0957954954355955e-05,0.020251791982445866,False,False,True,0.002516219552251278,0.002522566884367585,False
hard,10000,2,arbitrary_control,0.004045512010113781,0.0,0.0,0.017797208041884005,3.934160340577364e-05,0.01783654964528978,False,False,True,0.002205673417120942,0.002210549166655072,False
hard,10000,2,enum_first_stable,1.0,1.0,1.0,0.017797208041884005,0.016096750972792506,0.03389395901467651,False,False,True,0.47491504211185276,0.9044537173982774,False
hard,10000,2,enum_uniform_random,0.8778135048231512,0.6,0.6,0.017797208041884005,0.016120100428815932,0.03391730847069994,False,False,True,0.4752765226858011,0.9057656903756386,False
hard,10000,2,ours,1.0,1.0,1.0,0.017797208041884005,4.3791020289063454e-05,0.01784099906217307,False,False,True,0.0024545161476921024,0.002460555621196624,False
hard,10000,3,arbitrary_control,0.00975609756097561,0.0,0.0,0.0177696660393849,3.905841149389744e-05,0.017808724450878798,False,False,True,0.002193217801849365,0.0021980385791903973,False
hard,10000,3,enum_first_stable,1.0,1.0,1.0,0.0177696660393849,0.19984670798294246,0.21761637402232736,False,False,True,0.9183440762708337,11.24650894057321,True
hard,10000,3,enum_uniform_random,1.0,0.8,1.0,0.0177696660393849,0.1998578077647835,0.21762747380416841,False,False,True,0.9183482410158613,11.247133588319345,True
hard,10000,3,ours,1.0,1.0,1.0,0.0177696660393849,4.979199729859829e-05,0.0178194580366835,False,False,True,0.002794248691295519,0.00280207839518417,False
hard,10000,4,arbitrary_control,0.0,0.0,0.0,0.014847124984953552,5.0358392763882874e-05,0.014897483377717435,False,False,True,0.00338032884394456,0.0033917942237919685,False
hard,10000,4,enum_first_stable,1.0,1.0,1.0,0.014847124984953552,19.29787954100175,19.312726665986702,False,False,True,0.9992312258521682,1299.7721485175548,True
hard,10000,4,enum_uniform_random,1.0,1.0,1.0,0.014847124984953552,19.297896057192702,19.312743182177655,False,False,True,0.9992312265096212,1299.7732609343338,True
hard,10000,4,ours,1.0,1.0,1.0,0.014847124984953552,4.862499190494418e-05,0.014895749976858497,False,False,True,0.0032643533880795683,0.0032750442900037523,False
hard,10000,5,arbitrary_control,0.0,0.0,0.0,0.01754112495109439,4.980019293725491e-05,0.017590925144031645,False,False,True,0.002831016136416874,0.002839053542808717,False
hard,10000,5,enum_first_stable,1.0,1.0,1.0,0.01754112495109439,2.721052666020114,2.7385937909712084,False,False,True,0.9935948423570793,155.12418237750182,True
hard,10000,5,enum_uniform_random,0.6969092721834496,0.6,0.6,0.01754112495109439,2.7210668166051617,2.738607941556256,False,False,True,0.9935948754529915,155.1249890865976,True
hard,10000,5,ours,1.0,1.0,1.0,0.01754112495109439,4.374998388811946e-05,0.01758487493498251,False,False,True,0.002487932615379899,0.0024941378623148055,False
hard,10000,6,arbitrary_control,0.0,0.0,0.0,0.014255375019274652,3.9166805800050496e-05,0.014294541825074702,False,False,True,0.0027399832942771366,0.0027475114296953373,False
hard,10000,6,enum_first_stable,1.0,1.0,1.0,0.014255375019274652,2.288938749989029,2.3031941250083037,False,False,True,0.9938106063815948,160.5667158453679,True
hard,10000,6,enum_uniform_random,0.09173328937608176,0.0,0.0,0.014255375019274652,2.2889485836261882,2.303203958645463,False,False,True,0.9938106328075007,160.5674056649725,True
hard,10000,6,ours,1.0,1.0,1.0,0.014255375019274652,6.754201604053378e-05,0.014322917035315186,False,False,True,0.004715660634911125,0.004738003451274373,False
hard,10000,7,arbitrary_control,0.003504380475594493,0.0,0.0,0.01784450002014637,4.1791179683059454e-05,0.01788629119982943,False,False,True,0.0023364921892503904,0.0023419641702416643,False
hard,10000,7,enum_first_stable,1.0,1.0,1.0,0.01784450002014637,2.394667082990054,2.4125115830102004,False,False,True,0.992603351566967,134.1963675242503,True
hard,10000,7,enum_uniform_random,0.8672875436554133,0.6,0.6,0.01784450002014637,2.3946786243934186,2.412523124413565,False,False,True,0.9926033869522043,134.19701430075574,True
hard,10000,7,ours,1.0,1.0,1.0,0.01784450002014637,4.9916969146579504e-05,0.01789441698929295,False,False,True,0.0027895275479747185,0.0027973307792442175,False
hard,10000,8,arbitrary_control,0.0,0.0,0.0,0.013827542017679662,4.3308408930897715e-05,0.01387085042661056,False,False,True,0.0031222605391096002,0.0031320395827056113,False
hard,10000,8,enum_first_stable,1.0,1.0,1.0,0.013827542017679662,2.7139733750373125,2.727800917054992,False,False,True,0.9949308829939802,196.27301595375894,True
hard,10000,8,enum_uniform_random,0.9051951863809803,0.8,0.8,0.013827542017679662,2.713871725415811,2.727699267433491,False,False,True,0.9949306940897887,196.2656647107563,True
hard,10000,8,ours,1.0,1.0,1.0,0.013827542017679662,4.4208019971847534e-05,0.013871750037651509,False,False,True,0.003186910076367838,0.0031970989432050837,False
hard,10000,9,arbitrary_control,0.0,0.0,0.0,0.01507091597886756,3.226641565561295e-05,0.015103182394523174,False,False,True,0.002136398463102295,0.002140972433318381,False
hard,10000,9,enum_first_stable,1.0,1.0,1.0,0.01507091597886756,57.47085366601823,57.4859245819971,False,False,True,0.9997378329375677,3813.3616925874885,True
hard,10000,9,enum_uniform_random,0.39536165279989177,0.2,0.2,0.01507091597886756,57.470875008031726,57.48594592401059,False,False,True,0.9997378330348988,3813.3631086934192,True
hard,10000,9,ours,1.0,1.0,1.0,0.01507091597886756,8.450000314041972e-05,0.01515541598200798,False,False,True,0.005575564751289928,0.005606825972549089,False
hard,10000,10,arbitrary_control,0.0,0.0,0.0,0.017440415977034718,2.644160995259881e-05,0.017466857586987315,False,False,True,0.0015138160840274797,0.0015161111975434951,False
hard,10000,10,enum_first_stable,1.0,1.0,1.0,0.017440415977034718,0.21450975100742653,0.23195016698446125,False,False,True,0.924809642503068,12.29957767577848,True
hard,10000,10,enum_uniform_random,0.518092661481231,0.4,0.4,0.017440415977034718,0.21452256741467862,0.23196298339171334,False,False,True,0.9248137969169706,12.300312543987413,True
hard,10000,10,ours,1.0,1.0,1.0,0.017440415977034718,3.749999450519681e-05,0.017477915971539915,False,False,True,0.002145564412042017,0.002150177756916822,False
hard,10000,11,arbitrary_control,0.0,0.0,0.0,0.014228624990209937,2.7483387384563684e-05,0.0142561083775945,False,False,True,0.001927832382907367,0.0019315560993050094,False
hard,10000,11,enum_first_stable,1.0,1.0,1.0,0.014228624990209937,60.000057583034504,60.014286208024714,False,True,True,0.999762912701471,4216.855643065847,True
hard,10000,11,enum_uniform_random,0.8120809824095586,0.6,0.6,0.014228624990209937,60.00004945838591,60.01427808337612,False,True,True,0.9997629126693744,4216.855072058557,True
hard,10000,11,ours,1.0,1.0,1.0,0.014228624990209937,3.125000512227416e-05,0.014259874995332211,False,False,True,0.002191464170092897,0.002196277232956512,False
hard,10000,12,arbitrary_control,0.0,0.0,0.0,0.018352292012423277,2.643321640789509e-05,0.01837872522883117,False,False,True,0.0014382508078649892,0.0014403223526522771,False
hard,10000,12,enum_first_stable,1.0,1.0,1.0,0.018352292012423277,0.2393348750192672,0.2576871670316905,False,False,True,0.9287807296582747,13.041143572544152,True
hard,10000,12,enum_uniform_random,0.8053356544965661,0.6,0.6,0.018352292012423277,0.2393378838081844,0.2576901758206077,False,False,True,0.9287815612140397,13.041307518764885,True
hard,10000,12,ours,1.0,1.0,1.0,0.018352292012423277,5.020800745114684e-05,0.018402500019874424,False,False,True,0.002728325357800459,0.002735789481616758,False
hard,10000,13,arbitrary_control,0.002973977695167286,0.0,0.0,0.013045540952589363,3.090820973739028e-05,0.013076449162326753,False,False,True,0.0023636546400101354,0.0023692547399696306,False
hard,10000,13,enum_first_stable,1.0,1.0,1.0,0.013045540952589363,1.1012120009982027,1.114257541950792,False,False,True,0.9882921672401249,84.41290437861277,True
hard,10000,13,enum_uniform_random,0.9504778453518679,0.4,0.4,0.013045540952589363,1.1012265841942281,1.1142721251468175,False,False,True,0.9882923204680629,84.41402224686203,True
hard,10000,13,ours,1.0,1.0,1.0,0.013045540952589363,3.887503407895565e-05,0.013084415986668319,False,False,True,0.002971094324619863,0.0029799480313033306,False
hard,10000,14,arbitrary_control,0.0,0.0,0.0,0.014069917029701173,2.742479555308819e-05,0.014097341825254262,False,False,True,0.0019453877116009813,0.0019491796216847099,False
hard,10000,14,enum_first_stable,1.0,1.0,1.0,0.014069917029701173,16.172728958015796,16.186798875045497,False,False,True,0.9991307782880164,1149.4544654297285,True
hard,10000,14,enum_uniform_random,1.0,1.0,1.0,0.014069917029701173,16.17274558324134,16.18681550027104,False,False,True,0.9991307791807804,1149.4556470447665,True
hard,10000,14,ours,1.0,1.0,1.0,0.014069917029701173,3.1540985219180584e-05,0.014101458014920354,False,False,True,0.002236718017797022,0.0022417321404666784,False
hard,10000,15,arbitrary_control,0.0,0.0,0.0,0.01471787499031052,3.125859657302499e-05,0.014749133586883545,False,False,True,0.0021193513767360115,0.002123852566597013,False
hard,10000,15,enum_first_stable,0.7695107157298827,0.0,0.0,0.01471787499031052,60.00004658300895,60.01476445799926,False,True,True,0.9997547624301582,4076.678638900646,True
hard,10000,15,enum_uniform_random,0.431869959360429,0.0,0.0,0.01471787499031052,60.000060007802674,60.014777882792984,False,True,True,0.9997547624850157,4076.679551042768,True
hard,10000,15,ours,0.7695107157298827,0.0,0.0,0.01471787499031052,5.0875009037554264e-05,0.014768749999348074,False,False,True,0.00344477420498011,0.003456681692910676,False
hard,10000,16,arbitrary_control,0.0,0.0,0.0,0.01736166700720787,2.8233393095433712e-05,0.017389900400303304,False,False,True,0.0016235511673742124,0.0016261913722750434,False
hard,10000,16,enum_first_stable,1.0,1.0,1.0,0.01736166700720787,4.303947082953528,4.321308749960735,False,False,True,0.9959823127640751,247.8994143342745,True
hard,10000,16,enum_uniform_random,1.0,1.0,1.0,0.01736166700720787,4.303961550164968,4.321323217172176,False,False,True,0.9959823262147539,247.90024761897203,True
hard,10000,16,ours,1.0,1.0,1.0,0.01736166700720787,3.637495683506131e-05,0.017398041964042932,False,False,True,0.0020907500344141345,0.0020951304284294752,False
hard,10000,17,arbitrary_control,0.006324110671936759,0.0,0.0,0.014127125032246113,2.7299800422042608e-05,0.014154424832668155,False,False,True,0.001928711392004793,0.001932438508169849,False
hard,10000,17,enum_first_stable,1.0,1.0,1.0,0.014127125032246113,8.541052375978325,8.55517950101057,False,False,True,0.998348705011908,604.5853177120467,True
hard,10000,17,enum_uniform_random,0.26690876078075354,0.0,0.0,0.014127125032246113,8.541033658594824,8.55516078362707,False,False,True,0.9983487013991271,604.5839927868791,True
hard,10000,17,ours,1.0,1.0,1.0,0.014127125032246113,3.058300353586674e-05,0.01415770803578198,False,False,True,0.002160166282464062,0.002164842702677224,False
hard,10000,18,arbitrary_control,0.0,0.0,0.0,0.015259582956787199,3.149159019812942e-05,0.015291074546985329,False,False,True,0.0020594752907236373,0.002063725482361397,False
hard,10000,18,enum_first_stable,1.0,1.0,1.0,0.015259582956787199,60.00004245899618,60.015302041952964,False,True,True,0.9997457384627321,3931.9582080917353,True
hard,10000,18,enum_uniform_random,1.0,1.0,1.0,0.015259582956787199,60.000052742194384,60.01531232515117,False,True,True,0.999745738506298,3931.9588819763517,True
hard,10000,18,ours,1.0,1.0,1.0,0.015259582956787199,5.600001895800233e-05,0.015315582975745201,False,False,True,0.0036564079243139335,0.0036698263063011487,False
hard,10000,19,arbitrary_control,0.0,0.0,0.0,0.015614125004503876,4.649977199733257e-05,0.01566062477650121,False,False,True,0.002969215638644606,0.0029780581354331265,False
hard,10000,19,enum_first_stable,1.0,1.0,1.0,0.015614125004503876,47.93167675106088,47.94729087606538,False,False,True,0.999674348128555,3069.7638668343593,True
hard,10000,19,enum_uniform_random,0.5247947990381292,0.2,0.2,0.015614125004503876,47.93168520862237,47.94729933362687,False,False,True,0.9996743481859978,3069.764408495291,True
hard,10000,19,ours,1.0,1.0,1.0,0.015614125004503876,9.262497769668698e-05,0.015706749982200563,False,False,True,0.005897144718140471,0.0059321273315007675,False
hard,10000,20,arbitrary_control,0.0,0.0,0.0,0.015487249998841435,4.009179538115859e-05,0.015527341794222594,False,False,True,0.0025820128076317565,0.002588696856069203,False
hard,10000,20,enum_first_stable,0.2753197981457575,0.0,0.0,0.015487249998841435,60.000048624991905,60.015535874990746,False,True,True,0.9997419459849346,3874.1576864504914,True
hard,10000,20,enum_uniform_random,0.2753197981457575,0.0,0.0,0.015487249998841435,60.00005516659003,60.01554241658887,False,True,True,0.9997419460130621,3874.1581088365265,True
hard,10000,20,ours,1.0,1.0,1.0,0.015487249998841435,3.629201091825962e-05,0.015523542009759694,False,False,True,0.0023378692115138887,0.002343347651841001,False
hard,10000,21,arbitrary_control,0.0,0.0,0.0,0.015824792033527046,2.9991811607033016e-05,0.015854783845134078,False,False,True,0.0018916569219729646,0.0018952420697530272,False
hard,10000,21,enum_first_stable,1.0,1.0,1.0,0.015824792033527046,8.706491124932654,8.722315916966181,False,False,True,0.9981857121223108,550.1804451197039,True
hard,10000,21,enum_uniform_random,0.6476459808170352,0.2,0.2,0.015824792033527046,8.706495008559433,8.72231980059296,False,False,True,0.9981857129301254,550.180690533784,True
hard,10000,21,ours,1.0,1.0,1.0,0.015824792033527046,5.704100476577878e-05,0.015881833038292825,False,False,True,0.003591588239735723,0.003604534242530922,False
hard,10000,22,arbitrary_control,0.0,0.0,0.0,0.015279042010661215,2.485821023583412e-05,0.01530390022089705,False,False,True,0.0016243055611334246,0.001626948222178385,False
hard,10000,22,enum_first_stable,1.0,1.0,1.0,0.015279042010661215,0.041354917048010975,0.05663395905867219,False,False,True,0.7302141283318674,2.706643323524791,True
hard,10000,22,enum_uniform_random,0.5030181086519114,0.2,0.4,0.015279042010661215,0.04136556681478396,0.05664460882544518,False,False,True,0.7302648508396485,2.7073403414900246,True
hard,10000,22,ours,1.0,1.0,1.0,0.015279042010661215,2.9332994017750025e-05,0.015308375004678965,False,False,True,0.001916140283262232,0.0019198189256422243,False
hard,10000,23,arbitrary_control,0.005447470817120622,0.0,0.0,0.014030833961442113,2.6858411729335785e-05,0.014057692373171449,False,False,True,0.0019105846832012062,0.0019142420046552408,False
hard,10000,23,enum_first_stable,1.0,1.0,1.0,0.014030833961442113,11.642125874990597,11.65615670895204,False,False,True,0.9987962727070522,829.7529503224198,True
hard,10000,23,enum_uniform_random,0.9265877807292924,0.2,0.6,0.014030833961442113,11.64212545841001,11.656156292371453,False,False,True,0.998796272664032,829.7529206320544,True
hard,10000,23,ours,1.0,1.0,1.0,0.014030833961442113,2.9375019948929548e-05,0.014060208981391042,False,False,True,0.0020892306784207797,0.0020936047015918313,False
hard,10000,24,arbitrary_control,0.0,0.0,0.0,0.013778917025774717,2.994156675413251e-05,0.01380885859252885,False,False,True,0.0021682868684260487,0.0021729985526528746,False
hard,10000,24,enum_first_stable,1.0,1.0,1.0,0.013778917025774717,41.66663337498903,41.68041229201481,False,False,True,0.9996694150497063,3023.941090366377,True
hard,10000,24,enum_uniform_random,1.0,0.0,1.0,0.013778917025774717,41.66664069117978,41.680419608205554,False,False,True,0.9996694151077341,3023.941621336317,True
hard,10000,24,ours,1.0,1.0,1.0,0.013778917025774717,6.483303150162101e-05,0.013843750057276338,False,False,True,0.00468319864439798,0.004705234190781824,False
hard,10000,25,arbitrary_control,0.005447470817120622,0.0,0.0,0.01630970899714157,2.7624994982033967e-05,0.016337333992123605,False,False,True,0.0016909120542771704,0.0016937760806692204,False
hard,10000,25,enum_first_stable,1.0,1.0,1.0,0.01630970899714157,7.804397749947384,7.820707458944526,False,False,True,0.9979145481297235,478.5123849429305,True
hard,10000,25,enum_uniform_random,1.0,1.0,1.0,0.01630970899714157,7.8044061993481595,7.820715908345301,False,False,True,0.9979145503828188,478.5129030024972,True
hard,10000,25,ours,1.0,1.0,1.0,0.01630970899714157,3.8583006244152784e-05,0.016348292003385723,False,False,True,0.0023600634388083025,0.0023656465146566883,False
hard,10000,26,arbitrary_control,0.0,0.0,0.0,0.015680500015150756,3.67084052413702e-05,0.015717208420392127,False,False,True,0.0023355550336625467,0.0023410226208285412,False
hard,10000,26,enum_first_stable,1.0,1.0,1.0,0.015680500015150756,0.35338437504833564,0.3690648750634864,False,False,True,0.9575128898071013,22.536550155090072,True
hard,10000,26,enum_uniform_random,1.0,1.0,1.0,0.015680500015150756,0.35339665043866264,0.3690771504538134,False,False,True,0.9575143029150676,22.537332999407226,True
hard,10000,26,ours,1.0,1.0,1.0,0.015680500015150756,3.5541015677154064e-05,0.01571604103082791,False,False,True,0.002261448389415524,0.0022665741298309207,False
hard,10000,27,arbitrary_control,0.004320203303684879,0.0,0.0,0.014015291992109269,2.5733408983796834e-05,0.014041025401093065,False,False,True,0.0018327300356420935,0.0018360951022843453,False
hard,10000,27,enum_first_stable,1.0,1.0,1.0,0.014015291992109269,2.1971311260131188,2.211146418005228,False,False,True,0.9936615269445824,156.76670362987247,True
hard,10000,27,enum_uniform_random,0.3941108396553941,0.0,0.2,0.014015291992109269,2.1971423586132004,2.2111576506053097,False,False,True,0.993661559143794,156.76750508303434,True
hard,10000,27,ours,1.0,1.0,1.0,0.014015291992109269,3.4416967537254095e-05,0.014049708959646523,False,False,True,0.002449656974112864,0.0024556725294507704,False
hard,10000,28,arbitrary_control,0.0,0.0,0.0,0.013026542030274868,2.8433417901396753e-05,0.013054975448176265,False,False,True,0.0021779755936169763,0.002182729525250439,False
hard,10000,28,enum_first_stable,1.0,0.0,1.0,0.013026542030274868,15.70921974995872,15.722246291988995,False,False,True,0.9991714579591015,1205.939359305721,True
hard,10000,28,enum_uniform_random,1.0,0.0,1.0,0.013026542030274868,15.70923492476577,15.722261466796045,False,False,True,0.9991714587587933,1205.9405242201715,True
hard,10000,28,ours,1.0,0.0,1.0,0.013026542030274868,3.600004129111767e-05,0.013062542071565986,False,False,True,0.002755975145870045,0.002763591535455096,False
hard,10000,29,arbitrary_control,0.0,0.0,0.0,0.014472540991846472,3.225839463993907e-05,0.014504799386486411,False,False,True,0.0022239807515016742,0.0022289378664128697,False
hard,10000,29,enum_first_stable,1.0,1.0,1.0,0.014472540991846472,0.11691737605724484,0.1313899170490913,False,False,True,0.8898504442586787,8.07856589406889,True
hard,10000,29,enum_uniform_random,0.6769854957380548,0.4,0.4,0.014472540991846472,0.11692660038825124,0.13139914138009773,False,False,True,0.889858176850777,8.079203261827018,True
hard,10000,29,ours,1.0,1.0,1.0,0.014472540991846472,3.233295865356922e-05,0.014504873950500041,False,False,True,0.0022291099366950774,0.0022340899688440986,False
hard,50000,0,arbitrary_control,0.0,0.0,0.0,0.06317083298927173,3.0516390688717364e-05,0.06320134937996044,False,False,True,0.00048284397387238925,0.00048307722479929853,False
hard,50000,0,enum_first_stable,1.0,1.0,1.0,0.06317083298927173,11.053589374991134,11.116760207980406,False,False,True,0.9943175141131565,174.97931959941639,True
hard,50000,0,enum_uniform_random,1.0,1.0,1.0,0.06317083298927173,11.053604733198881,11.116775566188153,False,False,True,0.9943175219637062,174.97956272123417,True
hard,50000,0,ours,1.0,1.0,1.0,0.06317083298927173,5.224999040365219e-05,0.06322308297967538,False,False,True,0.0008264385085499427,0.0008271220740832368,False
hard,50000,1,arbitrary_control,0.0,0.0,0.0,0.06729941698722541,2.5558203924447297e-05,0.06732497519114986,False,False,True,0.0003796244090975473,0.00037976857851976166,False
hard,50000,1,enum_first_stable,1.0,1.0,1.0,0.06729941698722541,0.6116244999575429,0.6789239169447683,False,False,True,0.9008734037680096,9.088109932269393,True
hard,50000,1,enum_uniform_random,1.0,1.0,1.0,0.06729941698722541,0.611638849589508,0.6789382665767334,False,False,True,0.90087549884829,9.08832315301643,True
hard,50000,1,ours,1.0,1.0,1.0,0.06729941698722541,2.958305412903428e-05,0.06732900004135445,False,False,True,0.00043938056574230924,0.00043957370588588687,False
hard,50000,2,arbitrary_control,0.008091024020227561,0.0,0.0,0.058621915988624096,3.1141797080636024e-05,0.05865305778570473,False,False,True,0.0005309492506667928,0.0005312313075314574,False
hard,50000,2,enum_first_stable,1.0,1.0,1.0,0.058621915988624096,0.015443416021298617,0.07406533200992271,False,False,True,0.20851072427825781,0.2634409974640798,False
hard,50000,2,enum_uniform_random,1.0,1.0,1.0,0.058621915988624096,0.015452533215284347,0.07407444920390845,False,False,True,0.20860814196197916,0.2635965228138056,False
hard,50000,2,ours,1.0,1.0,1.0,0.058621915988624096,3.345898585394025e-05,0.058655374974478036,False,False,True,0.0005704334149853927,0.0005707589949880374,False
hard,50000,3,arbitrary_control,0.004878048780487805,0.0,0.0,0.0850140830152668,2.580020809546113e-05,0.08503988322336227,False,False,True,0.0003033895052242177,0.00030348157835011804,False
hard,50000,3,enum_first_stable,1.0,1.0,1.0,0.0850140830152668,0.19180783303454518,0.276821916049812,False,False,True,0.6928925128891559,2.2561889304869687,True
hard,50000,3,enum_uniform_random,1.0,1.0,1.0,0.0850140830152668,0.1918083584285341,0.2768224414438009,False,False,True,0.6928930957625199,2.256195110568789,True
hard,50000,3,ours,1.0,1.0,1.0,0.0850140830152668,4.9124995712190866e-05,0.085063208010979,False,False,True,0.0005775116746813778,0.0005778453871386111,False
hard,50000,4,arbitrary_control,0.0,0.0,0.0,0.06281849998049438,3.303340636193752e-05,0.06285153338685631,False,False,True,0.0005255783682891906,0.0005258547461686389,False
hard,50000,4,enum_first_stable,1.0,1.0,1.0,0.06281849998049438,18.307362041028682,18.370180541009177,False,False,True,0.9965804092213324,291.4326519530593,True
hard,50000,4,enum_uniform_random,1.0,1.0,1.0,0.06281849998049438,18.30737594938837,18.370194449368864,False,False,True,0.9965804118103577,291.4328733585321,True
hard,50000,4,ours,1.0,1.0,1.0,0.06281849998049438,3.7165998946875334e-05,0.06285566597944126,False,False,True,0.000591291148820721,0.0005916409808960044,False
hard,50000,5,arbitrary_control,0.004597701149425287,0.0,0.0,0.05482954200124368,3.2233400270342825e-05,0.054861775401514025,False,False,True,0.0005875384096565945,0.0005878838139777218,False
hard,50000,5,enum_first_stable,1.0,1.0,1.0,0.05482954200124368,2.51111583301099,2.565945375012234,False,False,True,0.9786318358390688,45.798592170513324,True
hard,50000,5,enum_uniform_random,0.9038785834738616,0.4,0.4,0.05482954200124368,2.5111187089933082,2.565948250994552,False,False,True,0.9786318597890694,45.79864462366564,True
hard,50000,5,ours,1.0,1.0,1.0,0.05482954200124368,3.408303018659353e-05,0.054863625031430274,False,False,True,0.0006212318301437071,0.0006216179990308954,False
hard,50000,6,arbitrary_control,0.0,0.0,0.0,0.055058375000953674,2.7108401991426944e-05,0.0550854834029451,False,False,True,0.0004921151693111514,0.0004923574658888388,False
hard,50000,6,enum_first_stable,1.0,1.0,1.0,0.055058375000953674,2.1678225829964504,2.222880957997404,False,False,True,0.9752310735296613,39.37316680630151,True
hard,50000,6,enum_uniform_random,1.0,1.0,1.0,0.055058375000953674,2.1678362826118245,2.222894657612778,False,False,True,0.9752312261796148,39.37341562612909,True
hard,50000,6,ours,1.0,1.0,1.0,0.055058375000953674,5.504203727468848e-05,0.05511341703822836,False,False,True,0.0009987048568683308,0.0009997032653748879,False
hard,50000,7,arbitrary_control,0.003504380475594493,0.0,0.0,0.07033495797077194,3.099159803241491e-05,0.07036594956880435,False,False,True,0.0004404345883531508,0.0004406286564540727,False
hard,50000,7,enum_first_stable,1.0,1.0,1.0,0.07033495797077194,2.1460447079734877,2.2163796659442596,False,False,True,0.968265835022987,30.5117792046636,True
hard,50000,7,enum_uniform_random,1.0,1.0,1.0,0.07033495797077194,2.146057149791159,2.216392107761931,False,False,True,0.9682660131641622,30.511956098459095,True
hard,50000,7,ours,1.0,1.0,1.0,0.07033495797077194,3.783300053328276e-05,0.07037279097130522,False,False,True,0.000537608357024085,0.0005378975352342495,False
hard,50000,8,arbitrary_control,0.0,0.0,0.0,0.058434291975572705,3.138340543955565e-05,0.05846567538101226,False,False,True,0.0005367834243773733,0.0005370717155719942,False
hard,50000,8,enum_first_stable,1.0,1.0,1.0,0.058434291975572705,2.6468389999936335,2.705273291969206,False,False,True,0.9783998562551743,45.295988203298364,True
hard,50000,8,enum_uniform_random,1.0,1.0,1.0,0.058434291975572705,2.6468245416297576,2.7052588336053303,False,False,True,0.9783997408123434,45.29574077386289,True
hard,50000,8,ours,1.0,1.0,1.0,0.058434291975572705,3.549997927621007e-05,0.058469791954848915,False,False,True,0.0006071507711815289,0.0006075196271916862,False
hard,50000,9,arbitrary_control,0.0,0.0,0.0,0.058523708023130894,3.1116779427975413e-05,0.05855482480255887,False,False,True,0.0005314127321343398,0.0005316952817766917,False
hard,50000,9,enum_first_stable,1.0,1.0,1.0,0.058523708023130894,56.335320500948,56.39384420897113,False,False,True,0.9989622323350352,962.6068204475705,True
hard,50000,9,enum_uniform_random,1.0,1.0,1.0,0.058523708023130894,56.33533205857966,56.39385576660279,False,False,True,0.9989622325477204,962.6070179338893,True
hard,50000,9,ours,1.0,1.0,1.0,0.058523708023130894,5.154102109372616e-05,0.05857524904422462,False,False,True,0.0008799112583339154,0.0008806861840222957,False
hard,50000,10,arbitrary_control,0.0,0.0,0.0,0.06812954199267551,2.6074983179569244e-05,0.06815561697585508,False,False,True,0.0003825801061826879,0.0003827265297390744,False
hard,50000,10,enum_first_stable,1.0,1.0,1.0,0.06812954199267551,0.21421425003791228,0.2823437920305878,False,False,True,0.7587000532128056,3.144219728659589,True
hard,50000,10,enum_uniform_random,1.0,1.0,1.0,0.06812954199267551,0.2142255420330912,0.2823550840257667,False,False,True,0.7587097033235702,3.144385471666934,True
hard,50000,10,ours,1.0,1.0,1.0,0.06812954199267551,3.0499999411404133e-05,0.06816004199208692,False,False,True,0.00044747624150444403,0.0004476765661316663,False
hard,50000,11,arbitrary_control,0.0,0.0,0.0,0.06658050004625693,3.0066806357353925e-05,0.06661056685261428,False,False,True,0.0004513819319970835,0.00045158576965425245,False
hard,50000,11,enum_first_stable,1.0,1.0,1.0,0.06658050004625693,60.00012441596482,60.066704916011076,False,True,True,0.9988915573088394,901.1666234750357,True
hard,50000,11,enum_uniform_random,1.0,1.0,1.0,0.06658050004625693,60.00012022419833,60.06670072424458,False,True,True,0.9988915572314865,901.1665605171654,True
hard,50000,11,ours,1.0,1.0,1.0,0.06658050004625693,3.224995452910662e-05,0.06661275000078604,False,False,True,0.0004841408668569615,0.0004843753727698185,False
hard,50000,12,arbitrary_control,0.0,0.0,0.0,0.05939762503840029,2.73084151558578e-05,0.05942493345355615,False,False,True,0.0004595447326365258,0.0004597560110897201,False
hard,50000,12,enum_first_stable,1.0,1.0,1.0,0.05939762503840029,0.23295137600507587,0.29234900104347616,False,False,True,0.7968263109283993,3.921897144110962,True
hard,50000,12,enum_uniform_random,1.0,1.0,1.0,0.05939762503840029,0.23296415061922743,0.2923617756576277,False,False,True,0.7968351885098746,3.922112213554282,True
hard,50000,12,ours,1.0,1.0,1.0,0.05939762503840029,6.59999786876142e-05,0.05946362501708791,False,False,True,0.001109921883649844,0.0011111551790992573,False
hard,50000,13,arbitrary_control,0.002973977695167286,0.0,0.0,0.0703607089817524,2.461679978296161e-05,0.07038532578153536,False,False,True,0.0003497433521778128,0.000349865715385924,False
hard,50000,13,enum_first_stable,1.0,1.0,1.0,0.0703607089817524,1.1017115840222687,1.172072293004021,False,False,True,0.9399689682951058,15.658051204515159,True
hard,50000,13,enum_uniform_random,1.0,1.0,1.0,0.0703607089817524,1.1017229999997653,1.1720837089815177,False,False,True,0.9399695529913198,15.65821345383956,True
hard,50000,13,ours,1.0,1.0,1.0,0.0703607089817524,3.0791969038546085e-05,0.07039150095079094,False,False,True,0.0004374387336913306,0.000437630170078755,False
hard,50000,14,arbitrary_control,0.0,0.0,0.0,0.05879366601584479,3.080841852352023e-05,0.058824474434368314,False,False,True,0.0005237347009006229,0.0005240091426722296,False
hard,50000,14,enum_first_stable,1.0,1.0,1.0,0.05879366601584479,16.130981334019452,16.189775000035297,False,False,True,0.9963684692334689,274.36597217244764,True
hard,50000,14,enum_uniform_random,1.0,1.0,1.0,0.05879366601584479,16.130996958806644,16.18979062482249,False,False,True,0.9963684727382638,274.36623792874843,True
hard,50000,14,ours,1.0,1.0,1.0,0.05879366601584479,3.229099093005061e-05,0.05882595700677484,False,False,True,0.0005489241921951518,0.000549225675455384,False
hard,50000,15,arbitrary_control,0.0,0.0,0.0,0.06299333297647536,2.799981739372015e-05,0.06302133279386908,False,False,True,0.0004442911019559406,0.00044448858427885673,False
hard,50000,15,enum_first_stable,1.0,1.0,1.0,0.06299333297647536,60.000036207959056,60.06302954093553,False,True,True,0.998951212859925,952.4823242860615,True
hard,50000,15,enum_uniform_random,1.0,1.0,1.0,0.06299333297647536,60.00004919200437,60.063042524980844,False,True,True,0.9989512130866451,952.4825304038314,True
hard,50000,15,ours,1.0,1.0,1.0,0.06299333297647536,5.341600626707077e-05,0.06304674898274243,False,False,True,0.0008472444198778933,0.0008479628516722364,False
hard,50000,16,arbitrary_control,0.0,0.0,0.0,0.055374415998812765,2.8549996204674245e-05,0.05540296599501744,False,False,True,0.0005153153029251508,0.0005155809896990401,False
hard,50000,16,enum_first_stable,1.0,1.0,1.0,0.055374415998812765,4.37564012495568,4.431014540954493,False,False,True,0.9875029938432826,79.0191651872138,True
hard,50000,16,enum_uniform_random,1.0,1.0,1.0,0.055374415998812765,4.3756549583864395,4.431029374385252,False,False,True,0.9875030356785899,79.01943306237766,True
hard,50000,16,ours,1.0,1.0,1.0,0.055374415998812765,3.495794953778386e-05,0.05540937394835055,False,False,True,0.0006309031675826128,0.0006313014576719574,False
hard,50000,17,arbitrary_control,0.006324110671936759,0.0,0.0,0.05864570802077651,3.090818645432591e-05,0.05867661620723084,False,False,True,0.0005267547526116039,0.0005270323694169745,False
hard,50000,17,enum_first_stable,1.0,1.0,1.0,0.05864570802077651,8.493431957962457,8.552077665983234,False,False,True,0.9931425192437101,144.82614746425222,True
hard,50000,17,enum_uniform_random,1.0,1.0,1.0,0.05864570802077651,8.493410908151418,8.552056616172194,False,False,True,0.9931425023648843,144.82578853242669,True
hard,50000,17,ours,1.0,1.0,1.0,0.05864570802077651,3.204098902642727e-05,0.05867774900980294,False,False,True,0.0005460500712301416,0.0005463484048155076,False
hard,50000,18,arbitrary_control,0.0,0.0,0.0,0.059601084038149565,3.133340505883098e-05,0.059632417443208394,False,False,True,0.0005254424757921596,0.0005257187107330974,False
hard,50000,18,enum_first_stable,1.0,1.0,1.0,0.059601084038149565,60.00004383304622,60.05964491708437,False,True,True,0.999007635091409,1006.6938345390041,True
hard,50000,18,enum_uniform_random,1.0,1.0,1.0,0.059601084038149565,60.00005481699482,60.05965590103297,False,True,True,0.9990076352728966,1006.6940188300917,True
hard,50000,18,ours,1.0,1.0,1.0,0.059601084038149565,5.1667040679603815e-05,0.05965275107882917,False,False,True,0.0008661300567902979,0.0008668808883833839,False
hard,50000,19,arbitrary_control,0.0,0.0,0.0,0.05473483301466331,2.996681723743677e-05,0.054764799831900746,False,False,True,0.0005471912127757101,0.0005474907949277701,False
hard,50000,19,enum_first_stable,1.0,1.0,1.0,0.05473483301466331,46.504678916942794,46.55941374995746,False,False,True,0.9988244088873496,849.6358964771907,True
hard,50000,19,enum_uniform_random,1.0,1.0,1.0,0.05473483301466331,46.504684766964054,46.55941959997872,False,False,True,0.9988244090350583,849.6360033565021,True
hard,50000,19,ours,1.0,1.0,1.0,0.05473483301466331,3.7334044463932514e-05,0.05477216705912724,False,False,True,0.0006816243809311022,0.0006820893096345216,False
hard,50000,20,arbitrary_control,0.0,0.0,0.0,0.07120687502902001,3.186662215739489e-05,0.07123874165117741,False,False,True,0.00044732151942591486,0.000447521705515202,False
hard,50000,20,enum_first_stable,1.0,1.0,1.0,0.07120687502902001,60.000052709074225,60.071259584103245,False,True,True,0.9988146265698103,842.6160070164784,True
hard,50000,20,enum_uniform_random,1.0,1.0,1.0,0.07120687502902001,60.000059725460595,60.071266600489615,False,True,True,0.9988146267082633,842.6161055517163,True
hard,50000,20,ours,1.0,1.0,1.0,0.07120687502902001,3.44999716617167e-05,0.07124137500068173,False,False,True,0.00048426875058751406,0.00048450338043421235,False
hard,50000,21,arbitrary_control,0.0,0.0,0.0,0.0707051670178771,3.027518978342414e-05,0.07073544220766052,False,False,True,0.00042800594494827926,0.00042818921247678203,False
hard,50000,21,enum_first_stable,1.0,1.0,1.0,0.0707051670178771,8.649465833965223,8.7201710009831,False,False,True,0.9918917682910225,122.33145325543593,True
hard,50000,21,enum_uniform_random,1.0,1.0,1.0,0.0707051670178771,8.649466874985956,8.720172042003833,False,False,True,0.9918917692589894,122.33146797883985,True
hard,50000,21,ours,1.0,1.0,1.0,0.0707051670178771,5.504197906702757e-05,0.07076020899694413,False,False,True,0.0007778662591203571,0.000778471806071977,False
hard,50000,22,arbitrary_control,0.0,0.0,0.0,0.05483933299547061,2.493319334462285e-05,0.054864266188815236,False,False,True,0.0004544523252861038,0.00045465894610137176,False
hard,50000,22,enum_first_stable,1.0,1.0,1.0,0.05483933299547061,0.04074370802845806,0.09558304102392867,False,False,True,0.4262650318716905,0.7429650545133952,False
hard,50000,22,enum_uniform_random,1.0,1.0,1.0,0.05483933299547061,0.04075489101232961,0.09559422400780022,False,False,True,0.4263321496182042,0.7431689771955415,False
hard,50000,22,ours,1.0,1.0,1.0,0.05483933299547061,2.7583970222622156e-05,0.054866916965693235,False,False,True,0.0005027432148205019,0.0005029960926931846,False
hard,50000,23,arbitrary_control,0.005447470817120622,0.0,0.0,0.06648537499131635,3.024999750778079e-05,0.06651562498882413,False,False,True,0.0004547803243653406,0.00045498724361157233,False
hard,50000,23,enum_first_stable,1.0,1.0,1.0,0.06648537499131635,11.346701584057882,11.413186959049199,False,False,True,0.9941746879964494,170.66462489742855,True
hard,50000,23,enum_uniform_random,1.0,1.0,1.0,0.06648537499131635,11.346708150836639,11.413193525827955,False,False,True,0.9941746913481436,170.66472366770333,True
hard,50000,23,ours,1.0,1.0,1.0,0.06648537499131635,3.5333039704710245e-05,0.06652070803102106,False,False,True,0.0005311585031270735,0.0005314407824175631,False
hard,50000,24,arbitrary_control,0.0,0.0,0.0,0.05564287496963516,2.9841624200344086e-05,0.055672716593835506,False,False,True,0.0005360188262063068,0.0005363062964778319,False
hard,50000,24,enum_first_stable,1.0,1.0,1.0,0.05564287496963516,42.40631716599455,42.461960040964186,False,False,True,0.9986895829840178,762.1158538112217,True
hard,50000,24,enum_uniform_random,1.0,1.0,1.0,0.05564287496963516,42.40633133320371,42.461974208173345,False,False,True,0.9986895834212314,762.116108420804,True
hard,50000,24,ours,1.0,1.0,1.0,0.05564287496963516,5.358399357646704e-05,0.055696458963211626,False,False,True,0.0009620718188181424,0.0009629982923367695,False
hard,50000,25,arbitrary_control,0.005447470817120622,0.0,0.0,0.05477404099656269,2.8608401771634816e-05,0.054802649398334326,False,False,True,0.0005220258889984311,0.0005222985423593289,False
hard,50000,25,enum_first_stable,1.0,1.0,1.0,0.05477404099656269,7.7898615000303835,7.844635541026946,False,False,True,0.9930176436228174,142.21812665819618,True
hard,50000,25,enum_uniform_random,1.0,1.0,1.0,0.05477404099656269,7.789868616603781,7.844642657600343,False,False,True,0.9930176499571342,142.21825658422077,True
hard,50000,25,ours,1.0,1.0,1.0,0.05477404099656269,3.625004319474101e-05,0.05481029103975743,False,False,True,0.0006613729375829536,0.0006618106412308681,False
hard,50000,26,arbitrary_control,0.0,0.0,0.0,0.06703174998983741,3.191659925505519e-05,0.06706366658909246,False,False,True,0.0004759149160545041,0.00047614151890550404,False
hard,50000,26,enum_first_stable,1.0,1.0,1.0,0.06703174998983741,0.3551955840084702,0.4222273339983076,False,False,True,0.84124251418051,5.2989155745198495,True
hard,50000,26,enum_uniform_random,1.0,1.0,1.0,0.06703174998983741,0.3552052671904676,0.422237017180305,False,False,True,0.8412461549736334,5.299060031169106,True
hard,50000,26,ours,1.0,1.0,1.0,0.06703174998983741,3.4167023841291666e-05,0.0670659170136787,False,False,True,0.0005094543601681163,0.0005097140362063005,False
hard,50000,27,arbitrary_control,0.004320203303684879,0.0,0.0,0.06240204203641042,2.7016387321054935e-05,0.062429058423731476,False,False,True,0.0004327534004707183,0.0004329407570555364,False
hard,50000,27,enum_first_stable,1.0,1.0,1.0,0.06240204203641042,2.1829712920007296,2.24537333403714,False,False,True,0.9722086117749458,34.982369498854005,True
hard,50000,27,enum_uniform_random,1.0,1.0,1.0,0.06240204203641042,2.1829847832093945,2.245386825245805,False,False,True,0.9722087787570504,34.982585697046,True
hard,50000,27,ours,1.0,1.0,1.0,0.06240204203641042,4.8166955821216106e-05,0.06245020899223164,False,False,True,0.0007712857426499202,0.000771881083524664,False
hard,50000,28,arbitrary_control,0.0,0.0,0.0,0.05894149997038767,2.9541610274463892e-05,0.05897104158066213,False,False,True,0.0005009511360598253,0.0005012022138782634,False
hard,50000,28,enum_first_stable,1.0,1.0,1.0,0.05894149997038767,15.688651499978732,15.74759299994912,False,False,True,0.9962571105329825,266.17326515037354,True
hard,50000,28,enum_uniform_random,1.0,1.0,1.0,0.05894149997038767,15.688663791806903,15.74760529177729,False,False,True,0.9962571134545032,266.1734736932199,True
hard,50000,28,ours,1.0,1.0,1.0,0.05894149997038767,3.8416997995227575e-05,0.058979916968382895,False,False,True,0.0006513572749826286,0.0006517818178113613,False
hard,50000,29,arbitrary_control,0.0,0.0,0.0,0.05867624998791143,3.125000512227416e-05,0.05870749999303371,False,False,True,0.0005323000489883289,0.000532583543234483,False
hard,50000,29,enum_first_stable,1.0,1.0,1.0,0.05867624998791143,0.11577083304291591,0.17444708303082734,False,False,True,0.6636444188777724,1.9730441714793836,True
hard,50000,29,enum_uniform_random,1.0,1.0,1.0,0.05867624998791143,0.11577970784856007,0.1744559578364715,False,False,True,0.663661529731691,1.9731954218685273,True
hard,50000,29,ours,1.0,1.0,1.0,0.05867624998791143,3.308302257210016e-05,0.05870933301048353,False,False,True,0.0005635053385156434,0.0005638230558175748,False
unstable,10000,0,arbitrary_control,0.004752729608220938,0.0,0.0,0.012412249983754009,2.9349990654736757e-05,0.012441599974408746,False,False,True,0.0023590206014585786,0.002364598738597112,False
unstable,10000,0,enum_first_stable,1.0,1.0,1.0,0.012412249983754009,10.617465625051409,10.629877875035163,False,False,True,0.9988323243098677,855.4021743800089,True
unstable,10000,0,enum_uniform_random,1.0,1.0,1.0,0.012412249983754009,10.617475374625064,10.629887624608818,False,False,True,0.9988323253808423,855.4029598599716,True
unstable,10000,0,ours,1.0,1.0,1.0,0.012412249983754009,5.4916017688810825e-05,0.01246716600144282,False,False,True,0.004404851726724054,0.004424340289688704,False
unstable,10000,1,arbitrary_control,0.0,0.0,0.0,0.015282625041436404,2.6741798501461743e-05,0.015309366839937865,False,False,True,0.0017467605800456656,0.0017498170915634988,False
unstable,10000,1,enum_first_stable,1.0,0.0,1.0,0.015282625041436404,0.6097270009922795,0.6250096260337159,False,False,True,0.9755481765322251,39.89674544386857,True
unstable,10000,1,enum_uniform_random,1.0,0.0,1.0,0.015282625041436404,0.6097397837904281,0.6250224088318646,False,False,True,0.9755486766146532,39.89758187073332,True
unstable,10000,1,ours,1.0,0.0,1.0,0.015282625041436404,3.766600275412202e-05,0.015320291044190526,False,False,True,0.0024585696606857226,0.0024646291230725516,False
unstable,10000,2,arbitrary_control,0.0,0.0,0.0,0.01587037497665733,2.7741596568375826e-05,0.015898116573225707,False,False,True,0.0017449611996867558,0.0017480114117769162,False
unstable,10000,2,enum_first_stable,0.5787631271878646,0.0,0.0,0.01587037497665733,0.016018458001781255,0.031888832978438586,False,False,True,0.5023218633498449,1.0093307830055516,True
unstable,10000,2,enum_uniform_random,0.9157526254375729,0.0,0.8,0.01587037497665733,0.01602790803881362,0.03189828301547095,False,False,True,0.5024693031609238,1.0099262344076931,True
unstable,10000,2,ours,0.5787631271878646,0.0,0.0,0.01587037497665733,3.545900108292699e-05,0.015905833977740258,False,False,True,0.0022293078836702813,0.002234288801309437,False
unstable,10000,3,arbitrary_control,0.004878048780487805,0.0,0.0,0.013103958044666797,2.5325198657810687e-05,0.013129283243324607,False,False,True,0.0019289094605135367,0.0019326373429681297,False
unstable,10000,3,enum_first_stable,1.0,1.0,1.0,0.013103958044666797,0.19340599904535338,0.20650995709002018,False,False,True,0.9365456357198572,14.759357316781706,True
unstable,10000,3,enum_uniform_random,1.0,1.0,1.0,0.013103958044666797,0.19341744118137286,0.20652139922603965,False,False,True,0.9365491513529579,14.760230498455554,True
unstable,10000,3,ours,1.0,1.0,1.0,0.013103958044666797,4.6666013076901436e-05,0.013150624057743698,False,False,True,0.0035485778372184792,0.0035612150861467477,False
unstable,10000,4,arbitrary_control,0.0,0.0,0.0,0.014829166990239173,2.989999484270811e-05,0.014859066985081881,False,False,True,0.0020122390505895784,0.0020162963207838195,False
unstable,10000,4,enum_first_stable,1.0,1.0,1.0,0.014829166990239173,18.790081376035232,18.80491054302547,False,False,True,0.9992114204980497,1267.1029592156597,True
unstable,10000,4,enum_uniform_random,1.0,1.0,1.0,0.014829166990239173,18.79009435061598,18.80492351760622,False,False,True,0.9992114210421353,1267.1038341522462,True
unstable,10000,4,ours,1.0,1.0,1.0,0.014829166990239173,4.3625012040138245e-05,0.014872792002279311,False,False,True,0.0029332093149324313,0.002941838342561859,False
unstable,10000,5,arbitrary_control,0.0,0.0,0.0,0.0195584999746643,3.492500400170684e-05,0.019593424978666008,False,False,True,0.0017824859124800478,0.0017856688420353304,False
unstable,10000,5,enum_first_stable,0.45323741007194246,0.0,0.0,0.0195584999746643,2.6710304170264862,2.6905889170011505,False,False,True,0.9927307736045893,136.56622033829214,True
unstable,10000,5,enum_uniform_random,0.45323741007194246,0.0,0.0,0.0195584999746643,2.6710355166578665,2.690594016632531,False,False,True,0.9927307873823554,136.56648107563842,True
unstable,10000,5,ours,0.45323741007194246,0.0,0.0,0.0195584999746643,3.9041973650455475e-05,0.019597541948314756,False,False,True,0.0019921872729458706,0.001996164005472285,False
unstable,10000,6,arbitrary_control,0.0,0.0,0.0,0.017881374980788678,2.7516810223460198e-05,0.017908891791012137,False,False,True,0.0015364887199368722,0.001538853150444169,False
unstable,10000,6,enum_first_stable,1.0,1.0,1.0,0.017881374980788678,2.202854249975644,2.2207356249564327,False,False,True,0.9919479947185791,123.19266568383796,True
unstable,10000,6,enum_uniform_random,1.0,1.0,1.0,0.017881374980788678,2.2028648161911404,2.220746191171929,False,False,True,0.9919480330296763,123.19325659004667,True
unstable,10000,6,ours,1.0,1.0,1.0,0.017881374980788678,4.4042011722922325e-05,0.0179254169925116,False,False,True,0.002456958839022881,0.00246301035408295,False
unstable,10000,7,arbitrary_control,0.0,0.0,0.0,0.013066541985608637,3.062480827793479e-05,0.013097166793886571,False,False,True,0.002338277335845618,0.0023437576913359825,False
unstable,10000,7,enum_first_stable,0.6682188591385332,0.0,0.0,0.013066541985608637,2.1598203759640455,2.172886917949654,False,False,True,0.9939865522325763,165.29395293283034,True
unstable,10000,7,enum_uniform_random,1.0,1.0,1.0,0.013066541985608637,2.1598309426219204,2.172897484607529,False,False,True,0.9939865814755782,165.29476161334324,True
unstable,10000,7,ours,1.0,1.0,1.0,0.013066541985608637,4.004203947260976e-05,0.013106584025081247,False,False,True,0.003055108745038663,0.003064471037303647,False
unstable,10000,8,arbitrary_control,0.0,0.0,0.0,0.015732667001429945,2.556680701673031e-05,0.015758233808446674,False,False,True,0.0016224411521947389,0.0016250777452040737,False
unstable,10000,8,enum_first_stable,1.0,1.0,1.0,0.015732667001429945,2.75307612499455,2.76880879199598,False,False,True,0.9943178932951565,174.9910631645812,True
unstable,10000,8,enum_uniform_random,1.0,1.0,1.0,0.015732667001429945,2.753033791598864,2.768766458600294,False,False,True,0.9943178064178864,174.9883723686925,True
unstable,10000,8,ours,1.0,1.0,1.0,0.015732667001429945,3.120797919109464e-05,0.01576387498062104,False,False,True,0.0019797149640846208,0.0019836420098549175,False
unstable,10000,9,arbitrary_control,0.0,0.0,0.0,0.013143124990165234,3.4066429361701014e-05,0.013177191419526935,False,False,True,0.0025852572279718776,0.0025919581064010513,False
unstable,10000,9,enum_first_stable,1.0,1.0,1.0,0.013143124990165234,55.9691633330076,55.982306457997765,False,False,True,0.9997652271615493,4258.436511475645,True
unstable,10000,9,enum_uniform_random,0.8728624535315985,0.8,0.8,0.013143124990165234,55.96917569121579,55.982318816205954,False,False,True,0.9997652272133758,4258.437451754931,True
unstable,10000,9,ours,1.0,1.0,1.0,0.013143124990165234,5.35410363227129e-05,0.013196666026487947,False,False,True,0.00405716384844831,0.004073691482259866,False
unstable,10000,10,arbitrary_control,0.0,0.0,0.0,0.014877207984682173,2.534979721531272e-05,0.014902557781897485,False,False,True,0.001701036666746279,0.0017039351228680345,False
unstable,10000,10,enum_first_stable,1.0,1.0,1.0,0.014877207984682173,0.21121599996695295,0.22609320795163512,False,False,True,0.9341987841232956,14.197287567964672,True
unstable,10000,10,enum_uniform_random,1.0,1.0,1.0,0.014877207984682173,0.2112271412042901,0.22610434918897226,False,False,True,0.9342020264623562,14.198036447549377,True
unstable,10000,10,ours,1.0,1.0,1.0,0.014877207984682173,3.4416967537254095e-05,0.014911624952219427,False,False,True,0.0023080628467745576,0.0023134023247299083,False
unstable,10000,11,arbitrary_control,0.0,0.0,0.0,0.01760466699488461,2.5550019927322865e-05,0.017630217014811933,False,False,True,0.0014492175510861353,0.0014513208307062517,False
unstable,10000,11,enum_first_stable,0.39083969465648855,0.0,0.0,0.01760466699488461,60.00009183399379,60.01769650098868,False,True,True,0.9997066753970707,3408.1923760005243,True
unstable,10000,11,enum_uniform_random,0.6345038167938931,0.4,0.4,0.01760466699488461,60.000071875576396,60.01767654257128,False,True,True,0.9997066752995278,3408.1912423001595,True
unstable,10000,11,ours,1.0,1.0,1.0,0.01760466699488461,3.712502075359225e-05,0.017641792015638202,False,False,True,0.002104379233168804,0.0021088169838361427,False
unstable,10000,12,arbitrary_control,0.0,0.0,0.0,0.015202582988422364,2.612500684335828e-05,0.015228707995265722,False,False,True,0.0017155103933623249,0.0017184584266538103,False
unstable,10000,12,enum_first_stable,1.0,1.0,1.0,0.015202582988422364,0.2336751250550151,0.24887770804343745,False,False,True,0.9389154492463865,15.370751485650304,True
unstable,10000,12,enum_uniform_random,1.0,1.0,1.0,0.015202582988422364,0.23368693320080638,0.24888951618922875,False,False,True,0.9389183473004786,15.37152820535644,True
unstable,10000,12,ours,1.0,1.0,1.0,0.015202582988422364,5.199998850002885e-05,0.015254582976922393,False,False,True,0.0034088108851416028,0.003420470622632339,False
unstable,10000,13,arbitrary_control,0.0,0.0,0.0,0.014937791973352432,2.469158498570323e-05,0.014962483558338135,False,False,True,0.0016502330571947974,0.001652960827795073,False
unstable,10000,13,enum_first_stable,0.9174630755864466,0.0,0.0,0.014937791973352432,1.0880364999757148,1.1029742919490673,False,False,True,0.9864568085744266,72.83783988401137,True
unstable,10000,13,enum_uniform_random,0.9669852302345786,0.6,0.6,0.014937791973352432,1.0880501415929758,1.1029879335663282,False,False,True,0.9864569760749299,72.83875311250493,True
unstable,10000,13,ours,1.0,1.0,1.0,0.014937791973352432,3.08750313706696e-05,0.014968667004723102,False,False,True,0.0020626440123845046,0.0020669073063641305,False
unstable,10000,14,arbitrary_control,0.0,0.0,0.0,0.014973334036767483,2.759980270639062e-05,0.015000933839473873,False,False,True,0.0018398723040670797,0.0018432636738496887,False
unstable,10000,14,enum_first_stable,1.0,1.0,1.0,0.014973334036767483,16.859009041974787,16.873982376011554,False,False,True,0.999112637805166,1125.9355465240387,True
unstable,10000,14,enum_uniform_random,1.0,1.0,1.0,0.014973334036767483,16.859021558379755,16.873994892416523,False,False,True,0.9991126384633732,1125.936382437065,True
unstable,10000,14,ours,1.0,1.0,1.0,0.014973334036767483,3.3125048503279686e-05,0.015006459085270762,False,False,True,0.002207386053902136,0.002212269386493356,False
unstable,10000,15,arbitrary_control,0.0,0.0,0.0,0.014715041033923626,3.166659735143185e-05,0.014746707631275058,False,False,True,0.0021473672729682937,0.002151988382392451,False
unstable,10000,15,enum_first_stable,0.3745743473325766,0.0,0.0,0.014715041033923626,60.00009058404248,60.014805625076406,False,True,True,0.9997548098193327,4077.466752944829,True
unstable,10000,15,enum_uniform_random,0.0,0.0,0.0,0.014715041033923626,60.00008362560766,60.01479866664158,False,True,True,0.999754809790904,4077.466280065765,True
unstable,10000,15,ours,0.3745743473325766,0.0,0.0,0.014715041033923626,6.808299804106355e-05,0.01478312403196469,False,False,True,0.004605454022698561,0.0046267623640401,False
unstable,10000,16,arbitrary_control,0.0,0.0,0.0,0.015248125011567026,3.039159346371889e-05,0.015278516605030745,False,False,True,0.0019891717402533617,0.00199313643091621,False
unstable,10000,16,enum_first_stable,1.0,1.0,1.0,0.015248125011567026,4.340301873977296,4.355549998988863,False,False,True,0.9964991505056521,284.64495606409315,True
unstable,10000,16,enum_uniform_random,1.0,1.0,1.0,0.015248125011567026,4.340316249546595,4.355564374558162,False,False,True,0.9964991620602293,284.6458988402894,True
unstable,10000,16,ours,1.0,1.0,1.0,0.015248125011567026,4.600000102072954e-05,0.015294125012587756,False,False,True,0.0030076909259515966,0.0030167644209261497,False
unstable,10000,17,arbitrary_control,0.006324110671936759,0.0,0.0,0.015352207992691547,3.538341261446476e-05,0.015387591405306012,False,False,True,0.0022994770060156206,0.0023047767872418816,False
unstable,10000,17,enum_first_stable,0.41193021947101854,0.0,0.0,0.015352207992691547,8.417767332983203,8.433119540975895,False,False,True,0.9981795339295149,548.3098807018835,True
unstable,10000,17,enum_uniform_random,0.4961522599353385,0.0,0.0,0.015352207992691547,8.417760800186079,8.43311300817877,False,False,True,0.9981795325192723,548.3094551737036,True
unstable,10000,17,ours,1.0,1.0,1.0,0.015352207992691547,3.57080134563148e-05,0.015387916006147861,False,False,True,0.0023205230287225735,0.0023259203805285652,False
unstable,10000,18,arbitrary_control,0.0,0.0,0.0,0.014281292038504034,2.9975012876093387e-05,0.014311267051380128,False,False,True,0.0020945044745847782,0.0020989006313488477,False
unstable,10000,18,enum_first_stable,0.7743467933491687,0.0,0.0,0.014281292038504034,60.00003654201282,60.014317834051326,False,True,True,0.9997620352516878,4201.303102005456,True
unstable,10000,18,enum_uniform_random,0.6679320707710598,0.0,0.0,0.014281292038504034,60.000047908187845,60.01432920022635,False,True,True,0.9997620352967562,4201.303897884078,True
unstable,10000,18,ours,0.7743467933491687,0.0,0.0,0.014281292038504034,6.212503649294376e-05,0.014343417074996978,False,False,True,0.004331257758741346,0.004350099159477126,False
unstable,10000,19,arbitrary_control,0.0,0.0,0.0,0.014836749993264675,3.058341098949313e-05,0.014867333404254168,False,False,True,0.002057087855495454,0.002061328188678575,False
unstable,10000,19,enum_first_stable,1.0,1.0,1.0,0.014836749993264675,53.429880833951756,53.44471758394502,False,False,True,0.9997223907120482,3601.1849534572534,True
unstable,10000,19,enum_uniform_random,0.4977205843540576,0.2,0.2,0.014836749993264675,53.429881499952174,53.44471824994544,False,False,True,0.9997223907155076,3601.1849983458187,True
unstable,10000,19,ours,1.0,1.0,1.0,0.014836749993264675,4.2625004425644875e-05,0.01487937499769032,False,False,True,0.0028647039564673534,0.0028729340620415535,False
unstable,10000,20,arbitrary_control,0.0,0.0,0.0,0.014943958027288318,3.500859020277858e-05,0.014978966617491096,False,False,True,0.002337183271501432,0.0023426584937438506,False
unstable,10000,20,enum_first_stable,,,,0.014943958027288318,60.00002408307046,60.014968041097745,False,True,False,0.9997509961512092,4015.0021817183774,True
unstable,10000,20,enum_uniform_random,,,,0.014943958027288318,60.000022574618924,60.01496653264621,False,True,False,0.9997509961449507,4015.0020807778146,True
unstable,10000,20,ours,1.0,1.0,1.0,0.014943958027288318,3.633397864177823e-05,0.014980292005930096,False,False,True,0.0024254519623112198,0.0024313490827149544,False
unstable,10000,21,arbitrary_control,0.0,0.0,0.0,0.018337166984565556,3.204998793080449e-05,0.018369216972496362,False,False,True,0.001744766147560449,0.0017478156771861789,False
unstable,10000,21,enum_first_stable,1.0,0.0,1.0,0.018337166984565556,8.651256665994879,8.669593832979444,False,False,True,0.9978848874194302,471.7880724583391,True
unstable,10000,21,enum_uniform_random,0.8009313154831199,0.4,0.4,0.018337166984565556,8.651262649183627,8.669599816168192,False,False,True,0.9978848888791421,471.78839874585964,True
unstable,10000,21,ours,1.0,1.0,1.0,0.018337166984565556,6.158399628475308e-05,0.01839875098085031,False,False,True,0.0033471835315805193,0.0033584247957489017,False
unstable,10000,22,arbitrary_control,0.0,0.0,0.0,0.01561529195168987,2.6033201720565557e-05,0.015641325153410435,False,False,True,0.001664385943341206,0.0016671607422458902,False
unstable,10000,22,enum_first_stable,1.0,1.0,1.0,0.01561529195168987,0.042120917001739144,0.057736208953429013,False,False,True,0.7295407468771387,2.6974146325314696,True
unstable,10000,22,enum_uniform_random,0.8343393695506371,0.2,0.8,0.01561529195168987,0.04213272500783205,0.05774801695952192,False,False,True,0.7295960489407749,2.6981708147488397,True
unstable,10000,22,ours,1.0,1.0,1.0,0.01561529195168987,3.2917014323174953e-05,0.015648208966013044,False,False,True,0.0021035643372777487,0.0021079986480568307,False
unstable,10000,23,arbitrary_control,0.0,0.0,0.0,0.01306216698139906,3.471700474619865e-05,0.013096883986145258,False,False,True,0.0026507835591217405,0.00265782888824165,False
unstable,10000,23,enum_first_stable,0.816469451823231,0.0,0.0,0.01306216698139906,11.40121487394208,11.41427704092348,False,False,True,0.9988556290569637,872.8425298939887,True
unstable,10000,23,enum_uniform_random,0.8898816710939386,0.4,0.4,0.01306216698139906,11.401212683157064,11.414274850138463,False,False,True,0.9988556288373203,872.8423621741135,True
unstable,10000,23,ours,1.0,1.0,1.0,0.01306216698139906,3.804103471338749e-05,0.013100208016112447,False,False,True,0.002903849669150243,0.002912306569618895,False
unstable,10000,24,arbitrary_control,0.0,0.0,0.0,0.014187916996888816,3.19245969876647e-05,0.014219841593876481,False,False,True,0.0022450740239900037,0.002250125722800976,False
unstable,10000,24,enum_first_stable,1.0,1.0,1.0,0.014187916996888816,41.50705879199086,41.521246708987746,False,False,True,0.9996582974230921,2925.5216816600137,True
unstable,10000,24,enum_uniform_random,1.0,0.2,1.0,0.014187916996888816,41.50707107518101,41.5212589921779,False,False,True,0.9996582975241777,2925.522547410085,True
unstable,10000,24,ours,1.0,1.0,1.0,0.014187916996888816,6.96660135872662e-05,0.014257583010476083,False,False,True,0.004886242888158359,0.004910235491407432,False
unstable,10000,25,arbitrary_control,0.0,0.0,0.0,0.017861375003121793,3.0383607372641565e-05,0.017891758610494433,False,False,True,0.0016981901016046585,0.0017010788568814633,False
unstable,10000,25,enum_first_stable,0.878795611125287,0.0,0.0,0.017861375003121793,9.107322792056948,9.12518416706007,False,False,True,0.998042628545778,509.8892325179433,True
unstable,10000,25,enum_uniform_random,0.8787956111252871,0.0,0.0,0.017861375003121793,9.107332441827747,9.125193816830869,False,False,True,0.9980426306156722,509.8897727770665,True
unstable,10000,25,ours,0.878795611125287,0.0,0.0,0.017861375003121793,4.600000102072954e-05,0.017907375004142523,False,False,True,0.0025687740950356116,0.002575389689354247,False
unstable,10000,26,arbitrary_control,0.0,0.0,0.0,0.01590266596758738,3.5325204953551294e-05,0.01593799117254093,False,False,True,0.0022164151411008426,0.002221338549495455,False
unstable,10000,26,enum_first_stable,1.0,1.0,1.0,0.01590266596758738,0.3534344169893302,0.3693370829569176,False,False,True,0.9569426772955739,22.22485322333349,True
unstable,10000,26,enum_uniform_random,1.0,1.0,1.0,0.01590266596758738,0.35344445881200953,0.3693471247795969,False,False,True,0.9569438479395851,22.225484678631602,True
unstable,10000,26,ours,1.0,1.0,1.0,0.01590266596758738,3.98330157622695e-05,0.01594249898334965,False,False,True,0.002498542782023766,0.0025048011348195744,False
unstable,10000,27,arbitrary_control,0.0,0.0,0.0,0.013050084002315998,2.984160091727972e-05,0.013079925603233278,False,False,True,0.002281480936703727,0.0022866979945863745,False
unstable,10000,27,enum_first_stable,1.0,1.0,1.0,0.013050084002315998,2.194755584059749,2.207805668062065,False,False,True,0.9940891156359015,168.17942196159393,True
unstable,10000,27,enum_uniform_random,1.0,1.0,1.0,0.013050084002315998,2.1947670584311707,2.2078171424334867,False,False,True,0.9940891463556932,168.1803012181121,True
unstable,10000,27,ours,1.0,1.0,1.0,0.013050084002315998,4.758400609716773e-05,0.013097668008413166,False,False,True,0.0036330136072011128,0.003646260521290361,False
unstable,10000,28,arbitrary_control,0.0,0.0,0.0,0.015935915987938643,2.99665960483253e-05,0.015965882583986967,False,False,True,0.001876914470007464,0.0018804439023778743,False
unstable,10000,28,enum_first_stable,1.0,0.0,1.0,0.015935915987938643,16.528639917029068,16.544575833017007,False,False,True,0.9990367890873252,1037.19421773678,True
unstable,10000,28,enum_uniform_random,1.0,0.0,1.0,0.015935915987938643,16.52865257539088,16.544588491378818,False,False,True,0.9990367898242835,1037.1950120658805,True
unstable,10000,28,ours,1.0,0.0,1.0,0.015935915987938643,4.270800855010748e-05,0.01597862399648875,False,False,True,0.002672821424391263,0.0026799845444988373,False
unstable,10000,29,arbitrary_control,0.0,0.0,0.0,0.018054000043775886,3.5600003320723773e-05,0.01808960004709661,False,False,True,0.0019679817811360397,0.0019718623703558077,False
unstable,10000,29,enum_first_stable,0.893048128342246,0.0,0.0,0.018054000043775886,0.11754783301148564,0.13560183305526152,False,False,True,0.8668602065547419,6.51090244413787,True
unstable,10000,29,enum_uniform_random,0.8790566556387576,0.2,0.2,0.018054000043775886,0.11755778319202363,0.13561178323579953,False,False,True,0.8668699753591182,6.511453578540987,True
unstable,10000,29,ours,1.0,1.0,1.0,0.018054000043775886,3.445800393819809e-05,0.018088458047714084,False,False,True,0.0019049718802622148,0.0019086077243074717,False
unstable,50000,0,arbitrary_control,0.002197802197802198,0.0,0.0,0.06508025003131479,2.9700202867388724e-05,0.06510995023418217,False,False,True,0.0004561545932774553,0.0004563627652490244,False
unstable,50000,0,enum_first_stable,1.0,1.0,1.0,0.06508025003131479,10.833013665978797,10.898093916010112,False,False,True,0.9940282905861448,166.45623919339977,True
unstable,50000,0,enum_uniform_random,1.0,1.0,1.0,0.06508025003131479,10.833027473976836,10.89810772400815,False,False,True,0.994028298152353,166.45645136219187,True
unstable,50000,0,ours,1.0,1.0,1.0,0.06508025003131479,5.1708018872886896e-05,0.06513195805018768,False,False,True,0.0007938962748984621,0.0007945270469613508,False
unstable,50000,1,arbitrary_control,0.0,0.0,0.0,0.06667766702594236,2.5141413789242507e-05,0.0667028084397316,False,False,True,0.0003769168701788424,0.0003770589900732536,False
unstable,50000,1,enum_first_stable,1.0,1.0,1.0,0.06667766702594236,0.6112302909605205,0.6779079579864629,False,False,True,0.9016420057613871,9.166941769613931,True
unstable,50000,1,enum_uniform_random,1.0,1.0,1.0,0.06667766702594236,0.6112405741470865,0.6779182411730289,False,False,True,0.901643497731279,9.167095991964903,True
unstable,50000,1,ours,1.0,1.0,1.0,0.06667766702594236,3.720802487805486e-05,0.06671487505082041,False,False,True,0.0005577170735868342,0.0005580282954947762,False
unstable,50000,2,arbitrary_control,0.0,0.0,0.0,0.07062399998540059,3.0441593844443558e-05,0.07065444157924503,False,False,True,0.00043085180724697537,0.00043103752054169194,False
unstable,50000,2,enum_first_stable,1.0,1.0,1.0,0.07062399998540059,0.015433125023264438,0.08605712500866503,False,False,True,0.1793358193375678,0.2185252184307711,False
unstable,50000,2,enum_uniform_random,1.0,1.0,1.0,0.07062399998540059,0.015441992005798965,0.08606599199119955,False,False,True,0.1794203685862117,0.21865077040370326,False
unstable,50000,2,ours,1.0,1.0,1.0,0.07062399998540059,3.662501694634557e-05,0.07066062500234693,False,False,True,0.0005183228558356099,0.0005185916537425903,False
unstable,50000,3,arbitrary_control,0.004878048780487805,0.0,0.0,0.06668574997456744,2.7025188319385052e-05,0.06671277516288683,False,False,True,0.0004050976481401048,0.0004052618187497613,False
unstable,50000,3,enum_first_stable,1.0,1.0,1.0,0.06668574997456744,0.1978399590589106,0.26452570903347805,False,False,True,0.7479044656255783,2.966750154783633,True
unstable,50000,3,enum_uniform_random,1.0,1.0,1.0,0.06668574997456744,0.19784462540410458,0.264530375378672,False,False,True,0.7479089126187962,2.9668201299311834,True
unstable,50000,3,ours,1.0,1.0,1.0,0.06668574997456744,5.158304702490568e-05,0.06673733302159235,False,False,True,0.0007729264069964615,0.0007735242843422827,False
unstable,50000,4,arbitrary_control,0.0,0.0,0.0,0.058661250048317015,2.9808387625962496e-05,0.05869105843594298,False,False,True,0.0005078863530548896,0.0005081444326776274,False
unstable,50000,4,enum_first_stable,1.0,1.0,1.0,0.058661250048317015,18.468119582976215,18.52678083302453,False,False,True,0.9968337051872632,314.82656042557454,True
unstable,50000,4,enum_uniform_random,1.0,1.0,1.0,0.058661250048317015,18.468134074367118,18.526795324415435,False,False,True,0.9968337076638931,314.82680746072793,True
unstable,50000,4,ours,1.0,1.0,1.0,0.058661250048317015,4.258297849446535e-05,0.05870383302681148,False,False,True,0.0007253866791801596,0.000725913246979759,False
unstable,50000,5,arbitrary_control,0.0,0.0,0.0,0.07939395902212709,3.1408388167619705e-05,0.07942536741029471,False,False,True,0.00039544529904873577,0.00039560173789628236,False
unstable,50000,5,enum_first_stable,0.8397976391231029,0.0,0.0,0.07939395902212709,2.5195504590519704,2.5989444180740975,False,False,True,0.9694514594194513,31.734788012646803,True
unstable,50000,5,enum_uniform_random,0.9359190556492412,0.6,0.6,0.07939395902212709,2.5195497750188225,2.5989437340409496,False,False,True,0.9694514513791793,31.734779396964246,True
unstable,50000,5,ours,1.0,1.0,1.0,0.07939395902212709,3.858399577438831e-05,0.07943254301790148,False,False,True,0.0004857454427172595,0.0004859815060190531,False
unstable,50000,6,arbitrary_control,0.0,0.0,0.0,0.06692337500862777,2.6299792807549238e-05,0.06694967480143532,False,False,True,0.000392829283869582,0.0003929836593590605,False
unstable,50000,6,enum_first_stable,1.0,1.0,1.0,0.06692337500862777,2.1968807919765823,2.26380416698521,False,False,True,0.9704376482804375,32.826808147278285,True
unstable,50000,6,enum_uniform_random,1.0,1.0,1.0,0.06692337500862777,2.196883900789544,2.2638072757981718,False,False,True,0.9704376888774545,32.82685460059839,True
unstable,50000,6,ours,1.0,1.0,1.0,0.06692337500862777,4.616699879989028e-05,0.06696954200742766,False,False,True,0.0006893730704440213,0.000689848633514649,False
unstable,50000,7,arbitrary_control,0.0,0.0,0.0,0.054905999975744635,3.098341403529048e-05,0.054936983389779925,False,False,True,0.0005639809855496072,0.0005642992395908965,False
unstable,50000,7,enum_first_stable,1.0,1.0,1.0,0.054905999975744635,2.1545337910065427,2.2094397909822874,False,False,True,0.975149356773676,39.24040709500479,True
unstable,50000,7,enum_uniform_random,1.0,1.0,1.0,0.054905999975744635,2.1545475082006305,2.209453508176375,False,False,True,0.9751495110566674,39.24065692551683,True
unstable,50000,7,ours,1.0,1.0,1.0,0.054905999975744635,4.020804772153497e-05,0.05494620802346617,False,False,True,0.0007317711115635697,0.0007323069926655983,False
unstable,50000,8,arbitrary_control,0.0,0.0,0.0,0.05861487501533702,3.3983204048126936e-05,0.05864885821938515,False,False,True,0.0005794350492043254,0.0005797709888357687,False
unstable,50000,8,enum_first_stable,1.0,1.0,1.0,0.05861487501533702,2.731705624028109,2.790320499043446,False,False,True,0.9789934973292742,46.60430689843385,True
unstable,50000,8,enum_uniform_random,1.0,1.0,1.0,0.05861487501533702,2.731684582622256,2.7902994576375932,False,False,True,0.9789933389210621,46.60394792119732,True
unstable,50000,8,ours,1.0,1.0,1.0,0.05861487501533702,3.6209006793797016e-05,0.05865108402213082,False,False,True,0.0006173629592273908,0.0006177443316960526,False
unstable,50000,9,arbitrary_control,0.0,0.0,0.0,0.058615791029296815,2.8458202723413707e-05,0.05864424923202023,False,False,True,0.00048526842948950734,0.00048550402926730076,False
unstable,50000,9,enum_first_stable,1.0,1.0,1.0,0.058615791029296815,56.36603837501025,56.424654166039545,False,False,True,0.9989611670306953,961.6186591568454,True
unstable,50000,9,enum_uniform_random,1.0,1.0,1.0,0.058615791029296815,56.3660524833831,56.4246682744124,False,False,True,0.9989611672904442,961.6188998492015,True
unstable,50000,9,ours,1.0,1.0,1.0,0.058615791029296815,5.220802268013358e-05,0.05866799905197695,False,False,True,0.0008898892671263571,0.0008906818753676708,False
unstable,50000,10,arbitrary_control,0.0,0.0,0.0,0.06004862498957664,2.534158993512392e-05,0.060073966579511764,False,False,True,0.00042183979813589795,0.0004220178220487607,False
unstable,50000,10,enum_first_stable,1.0,1.0,1.0,0.06004862498957664,0.210053583025001,0.2701022080145776,False,False,True,0.7776818433622884,3.498058166385367,True
unstable,50000,10,enum_uniform_random,1.0,1.0,1.0,0.06004862498957664,0.21006381683982908,0.27011244182940575,False,False,True,0.7776902663835773,3.4982285918502276,True
unstable,50000,10,ours,1.0,1.0,1.0,0.06004862498957664,3.395904786884785e-05,0.060082584037445486,False,False,True,0.0005652061810071855,0.0005655258196959968,False
unstable,50000,11,arbitrary_control,0.0,0.0,0.0,0.06249683297937736,3.124179784208536e-05,0.06252807477721944,False,False,True,0.0004996443270226438,0.0004998940962719583,False
unstable,50000,11,enum_first_stable,1.0,1.0,1.0,0.06249683297937736,60.00005608407082,60.0625529170502,False,True,True,0.998959470919165,960.0495452924723,True
unstable,50000,11,enum_uniform_random,1.0,1.0,1.0,0.06249683297937736,60.00005127483746,60.06254810781684,False,True,True,0.9989594708358495,960.0494683408392,True
unstable,50000,11,ours,1.0,1.0,1.0,0.06249683297937736,4.1041988879442215e-05,0.0625378749682568,False,False,True,0.0006562741202874971,0.0006567050988485322,False
unstable,50000,12,arbitrary_control,0.0,0.0,0.0,0.0675246249884367,2.7591385878622533e-05,0.06755221637431533,False,False,True,0.00040844530882207025,0.0004086122045601503,False
unstable,50000,12,enum_first_stable,1.0,1.0,1.0,0.0675246249884367,0.23278487398056313,0.30030949896899983,False,False,True,0.7751498862997768,3.44740713510703,True
unstable,50000,12,enum_uniform_random,1.0,1.0,1.0,0.0675246249884367,0.2327944657765329,0.3003190907649696,False,False,True,0.7751570677160793,3.4475491839665597,True
unstable,50000,12,ours,1.0,1.0,1.0,0.0675246249884367,5.187495844438672e-05,0.06757649994688109,False,False,True,0.0007676479025277033,0.0007682376385395711,False
unstable,50000,13,arbitrary_control,0.0,0.0,0.0,0.07040495797991753,3.064981428906322e-05,0.07043560779420659,False,False,True,0.0004351465863489603,0.0004353360213325579,False
unstable,50000,13,enum_first_stable,1.0,1.0,1.0,0.07040495797991753,1.0994687079801224,1.16987366596004,False,False,True,0.9398183239536889,15.616353443371665,True
unstable,50000,13,enum_uniform_random,1.0,1.0,1.0,0.07040495797991753,1.0994825415778906,1.1698874995578081,False,False,True,0.9398190355854481,15.61654992950226,True
unstable,50000,13,ours,1.0,1.0,1.0,0.07040495797991753,4.095799522474408e-05,0.07044591597514227,False,False,True,0.0005814104999244616,0.0005817487347471613,False
unstable,50000,14,arbitrary_control,0.0,0.0,0.0,0.058788958995137364,3.2183609437197444e-05,0.058821142604574564,False,False,True,0.0005471435611775162,0.0005474430911399445,False
unstable,50000,14,enum_first_stable,1.0,1.0,1.0,0.058788958995137364,16.182340625033248,16.241129584028386,False,False,True,0.9963802419843414,275.26156104195934,True
unstable,50000,14,enum_uniform_random,1.0,1.0,1.0,0.058788958995137364,16.18235423322767,16.241143192222808,False,False,True,0.9963802450172787,275.2617925173019,True
unstable,50000,14,ours,1.0,1.0,1.0,0.058788958995137364,3.8958038203418255e-05,0.05882791703334078,False,False,True,0.0006622372534682597,0.0006626761022701662,False
unstable,50000,15,arbitrary_control,0.0,0.0,0.0,0.058568916050717235,3.058360889554024e-05,0.05859949965961277,False,False,True,0.0005219090448415329,0.0005221815761291644,False
unstable,50000,15,enum_first_stable,1.0,1.0,1.0,0.058568916050717235,60.000046083994675,60.05861500004539,False,True,True,0.9990248040842987,1024.4349755771161,True
unstable,50000,15,enum_uniform_random,1.0,1.0,1.0,0.058568916050717235,60.000059350184166,60.058628266234884,False,True,True,0.9990248042997072,1024.4352020827507,True
unstable,50000,15,ours,1.0,1.0,1.0,0.058568916050717235,6.266700802370906e-05,0.058631583058740944,False,False,True,0.001068826812350012,0.0010699704254291324,False
unstable,50000,16,arbitrary_control,0.0,0.0,0.0,0.05861662497045472,2.6116392109543086e-05,0.05864274136256427,False,False,True,0.0004453473951375505,0.00044554581780692525,False
unstable,50000,16,enum_first_stable,1.0,1.0,1.0,0.05861662497045472,4.320442416938022,4.3790590419084765,False,False,True,0.9866143332598437,73.70677549442175,True
unstable,50000,16,enum_uniform_random,1.0,1.0,1.0,0.05861662497045472,4.320454775157851,4.379071400128305,False,False,True,0.9866143710356635,73.70698632573172,True
unstable,50000,16,ours,1.0,1.0,1.0,0.05861662497045472,3.649998689070344e-05,0.058653124957345426,False,False,True,0.0006223025101773774,0.0006226900117347423,False
unstable,50000,17,arbitrary_control,0.006324110671936759,0.0,0.0,0.06227112503256649,3.04747954942286e-05,0.062301599828060716,False,False,True,0.0004891494853797112,0.0004893888696934723,False
unstable,50000,17,enum_first_stable,1.0,1.0,1.0,0.06227112503256649,8.565264792006928,8.627535917039495,False,False,True,0.9927822815655186,137.54793714626925,True
unstable,50000,17,enum_uniform_random,1.0,1.0,1.0,0.06227112503256649,8.565241083782166,8.627512208814732,False,False,True,0.9927822617313778,137.5475564204553,True
unstable,50000,17,ours,1.0,1.0,1.0,0.06227112503256649,3.300001844763756e-05,0.062304125051014125,False,False,True,0.0005296602499532319,0.0005299409386032329,False
unstable,50000,18,arbitrary_control,0.0,0.0,0.0,0.05455250001978129,2.8016790747642516e-05,0.05458051681052893,False,False,True,0.0005133112030598783,0.0005135748267720699,False
unstable,50000,18,enum_first_stable,1.0,1.0,1.0,0.05455250001978129,60.00002537394175,60.054577873961534,False,True,True,0.9990916179590127,1099.8583997467601,True
unstable,50000,18,enum_uniform_random,1.0,1.0,1.0,0.05455250001978129,60.00003681614762,60.0545893161674,False,True,True,0.9990916181320868,1099.8586094934421,True
unstable,50000,18,ours,1.0,1.0,1.0,0.05455250001978129,5.516601959243417e-05,0.054607666039373726,False,False,True,0.0010102248199485005,0.0010112464061670942,False
unstable,50000,19,arbitrary_control,0.0,0.0,0.0,0.06668375001754612,3.129179822281003e-05,0.06671504181576893,False,False,True,0.000469036627590239,0.00046925672618256166,False
unstable,50000,19,enum_first_stable,1.0,1.0,1.0,0.06668375001754612,46.46522454096703,46.531908290984575,False,False,True,0.998566924236149,696.7998129790376,True
unstable,50000,19,enum_uniform_random,1.0,1.0,1.0,0.06668375001754612,46.46522912479704,46.53191287481459,False,False,True,0.9985669243773204,696.7998817188732,True
unstable,50000,19,ours,1.0,1.0,1.0,0.06668375001754612,4.1832972783595324e-05,0.06672558299032971,False,False,True,0.0006269405362806349,0.0006273338372930144,False
unstable,50000,20,arbitrary_control,0.0,0.0,0.0,0.06235783302690834,3.137518651783466e-05,0.062389208213426174,False,False,True,0.0005028944494776056,0.0005031474795523411,False
unstable,50000,20,enum_first_stable,,,,0.06235783302690834,60.00003241695231,60.06239024997922,False,True,False,0.9989617823605192,962.1891830503699,True
unstable,50000,20,enum_uniform_random,,,,0.06235783302690834,60.000030158960726,60.062387991987634,False,True,False,0.9989617823214884,962.1891468401382,True
unstable,50000,20,ours,1.0,1.0,1.0,0.06235783302690834,3.970798570662737e-05,0.062397541012614965,False,False,True,0.0006363710021617611,0.0006367762280881823,False
unstable,50000,21,arbitrary_control,0.0,0.0,0.0,0.06663887499598786,3.0742003582417964e-05,0.06666961699957027,False,False,True,0.000461109647331799,0.00046132236752599516,False
unstable,50000,21,enum_first_stable,1.0,1.0,1.0,0.06663887499598786,8.66197254206054,8.728611417056527,False,False,True,0.9923654666461874,129.983775124986,True
unstable,50000,21,enum_uniform_random,1.0,1.0,1.0,0.06663887499598786,8.661978483386338,8.728617358382326,False,False,True,0.9923654718428008,129.98386428204034,True
unstable,50000,21,ours,1.0,1.0,1.0,0.06663887499598786,5.412503378465772e-05,0.06669300002977252,False,False,True,0.0008115549422052641,0.0008122140985710883,False
unstable,50000,22,arbitrary_control,0.0,0.0,0.0,0.05880379199516028,2.487500896677375e-05,0.058828667004127054,False,False,True,0.00042283822213800415,0.00042301708993224506,False
unstable,50000,22,enum_first_stable,1.0,1.0,1.0,0.05880379199516028,0.0414143749512732,0.10021816694643348,False,False,True,0.4132421916418522,0.7042806857537643,False
unstable,50000,22,enum_uniform_random,1.0,1.0,1.0,0.05880379199516028,0.041426533984486015,0.10023032597964629,False,False,True,0.4133133717723165,0.7044874586981659,False
unstable,50000,22,ours,1.0,1.0,1.0,0.05880379199516028,2.8957962058484554e-05,0.058832749957218766,False,False,True,0.000492208201716592,0.0004924505899358986,False
unstable,50000,23,arbitrary_control,0.0,0.0,0.0,0.0540200830437243,3.665861440822482e-05,0.054056741658132526,False,False,True,0.0006781506484438604,0.0006786108488310363,False
unstable,50000,23,enum_first_stable,1.0,1.0,1.0,0.0540200830437243,11.340723707980942,11.394743791024666,False,False,True,0.9952592103838022,209.93532532709486,True
unstable,50000,23,enum_uniform_random,1.0,1.0,1.0,0.0540200830437243,11.34072944141226,11.394749524455984,False,False,True,0.9952592127691984,209.93543146227634,True
unstable,50000,23,ours,1.0,1.0,1.0,0.0540200830437243,4.1584018617868423e-05,0.05406166706234217,False,False,True,0.0007691960103619276,0.0007697881283190546,False
unstable,50000,24,arbitrary_control,0.0,0.0,0.0,0.06329324998660013,3.296659560874105e-05,0.06332621658220887,False,False,True,0.0005205836916839086,0.0005208548402194616,False
unstable,50000,24,enum_first_stable,1.0,1.0,1.0,0.06329324998660013,42.34553958295146,42.40883283293806,False,False,True,0.9985075455805178,669.0372131612213,True
unstable,50000,24,enum_uniform_random,1.0,1.0,1.0,0.06329324998660013,42.34555354997283,42.40884679995943,False,False,True,0.998507546072046,669.0374338327996,True
unstable,50000,24,ours,1.0,1.0,1.0,0.06329324998660013,5.6958000641316175e-05,0.06335020798724145,False,False,True,0.000899097295036306,0.0008999063984449337,False
unstable,50000,25,arbitrary_control,0.005447470817120622,0.0,0.0,0.055160957970656455,3.0841596890240906e-05,0.0551917995675467,False,False,True,0.0005588075969962766,0.0005591200375208761,False
unstable,50000,25,enum_first_stable,1.0,1.0,1.0,0.055160957970656455,7.820478458015714,7.87563941598637,False,False,True,0.9929960026028252,141.77560988291597,True
unstable,50000,25,enum_uniform_random,1.0,1.0,1.0,0.055160957970656455,7.820486349589191,7.875647307559848,False,False,True,0.992996009620986,141.77575294739069,True
unstable,50000,25,ours,1.0,1.0,1.0,0.055160957970656455,4.2832980398088694e-05,0.05520379095105454,False,False,True,0.0007759065031614548,0.0007765090015455174,False
unstable,50000,26,arbitrary_control,0.0,0.0,0.0,0.07891062501585111,3.1866400968283413e-05,0.07894249141681939,False,False,True,0.0004036660155559012,0.0004038290276104425,False
unstable,50000,26,enum_first_stable,1.0,1.0,1.0,0.07891062501585111,0.3506531249731779,0.429563749989029,False,False,True,0.8163005490620042,4.4436744088991915,True
unstable,50000,26,enum_uniform_random,1.0,1.0,1.0,0.07891062501585111,0.35066435815533625,0.42957498317118736,False,False,True,0.8163053527155586,4.443816762126733,True
unstable,50000,26,ours,1.0,1.0,1.0,0.07891062501585111,4.004203947260976e-05,0.07895066705532372,False,False,True,0.0005071779753874757,0.0005074353354135307,False
unstable,50000,27,arbitrary_control,0.0,0.0,0.0,0.0707670830306597,2.865020651370287e-05,0.0707957332371734,False,False,True,0.0004046883223558341,0.00040485216129779183,False
unstable,50000,27,enum_first_stable,1.0,1.0,1.0,0.0707670830306597,2.1908661240013316,2.2616332070319913,False,False,True,0.9687097435558397,30.958830436067895,True
unstable,50000,27,enum_uniform_random,1.0,1.0,1.0,0.0707670830306597,2.190874391212128,2.2616414742427877,False,False,True,0.9687098579343337,30.958947258896284,True
unstable,50000,27,ours,1.0,1.0,1.0,0.0707670830306597,5.3750001825392246e-05,0.0708208330324851,False,False,True,0.000758957492080578,0.0007595339460594293,False
unstable,50000,28,arbitrary_control,0.0,0.0,0.0,0.06254383298801258,3.299999516457319e-05,0.06257683298317715,False,False,True,0.0005273516346448014,0.0005276298811251,False
unstable,50000,28,enum_first_stable,1.0,1.0,1.0,0.06254383298801258,15.672057583054993,15.734601416043006,False,False,True,0.9960250767506419,250.57718458123227,True
unstable,50000,28,enum_uniform_random,1.0,1.0,1.0,0.06254383298801258,15.672073042031844,15.734616875019857,False,False,True,0.9960250806559322,250.5774317515145,True
unstable,50000,28,ours,1.0,1.0,1.0,0.06254383298801258,4.333298420533538e-05,0.06258716597221792,False,False,True,0.0006923621405795981,0.0006928418380376649,False
unstable,50000,29,arbitrary_control,0.0,0.0,0.0,0.05880370899103582,3.6141392774879934e-05,0.0588398503838107,False,False,True,0.0006142332541488573,0.000614610768521241,False
unstable,50000,29,enum_first_stable,1.0,1.0,1.0,0.05880370899103582,0.11823120800545439,0.1770349169964902,False,False,True,0.6678411807756454,2.0106080047344945,True
unstable,50000,29,enum_uniform_random,1.0,1.0,1.0,0.05880370899103582,0.11824114138726145,0.17704485037829726,False,False,True,0.667859817072408,2.0107769291438133,True
unstable,50000,29,ours,1.0,1.0,1.0,0.05880370899103582,3.470800584182143e-05,0.05883841699687764,False,False,True,0.0005898868054805633,0.0005902349773058091,False
